:020000040800F2
:10000000506C002095020008B5630008C550000838
:10001000B1630008B10A000851A400080000000004
:10002000000000000000000000000000C173000894
:10003000591100080000000061650008F173000814
:10004000AF020008AF020008AF020008AF020008CC
:10005000AF020008AF0200085D110008AF020008FF
:10006000AF020008651100086D110008AF0200081A
:10007000AF020008AF020008AF020008AF0200089C
:10008000AF020008AF020008AF020008AF0200088C
:10009000B50A0008AF020008AF0200087511000899
:1000A000AF020008AF020008AF020008AF0200086C
:1000B000E1740008AF020008AF020008AF020008B8
:1000C000AF020008AF020008AF020008AF0200084C
:1000D000AF020008AF020008AF020008AF0200083C
:1000E000AF020008AF020008AF020008AF0200082C
:1000F000AF020008AF020008AF020008AF0200081C
:10010000AF020008AF020008AF020008AF0200080B
:10011000AF020008AF020008AF020008AF020008FB
:10012000AF020008AF020008990C00084D1100084A
:10013000AF020008AF020008AF020008AF020008DB
:10014000AF020008AF020008AF020008B963000860
:10015000AF020008AF020008AF020008AF020008BB
:10016000AF020008AF020008AF020008AF020008AB
:10017000AF020008AF020008AF0200080000000054
:10018000AF020008AF02000800F002F800F072F8B9
:1001900014A696E8000CB244B344DA4501D100F04D
:1001A00069F8BAE80F000FA696E83000A5EB040541
:1001B00004EB0607AAEB0704A7F101074FEA1515A0
:1001C0004FEA3414A4F10104AC4201D300F052F818
:1001D00013F0010F18BFFB1A43F0010300F001F800
:1001E000DBE7184708FF000028FF00000A444FF033
:1001F000000C10F8013B13F0070408BF10F8014B86
:100200001D1108BF10F8015B641E05D010F8016BCA
:10021000641E01F8016BF9D113F0080F1EBF10F82E
:10022000014BAD1C0C1B09D16D1E58BF01F801CB51
:10023000FAD505E014F8016B01F8016B6D1EF9D5D4
:100240009142D6D37047000070470000002300247D
:1002500000250026103A28BF78C1FBD8520728BFD6
:1002600030C148BF0B6070471FB50FF095F91FBD37
:1002700010B510BD00F0A0F91146FFF7F5FF0BF027
:1002800055F900F0BEF903B4FFF7F2FF03BC00F02C
:1002900023FA00000948804709480047FEE7FEE7C7
:1002A000FEE7FEE7FEE7FEE7FEE7FEE7FEE7FEE726
:1002B00004480549054A064B70470000CD74000804
:1002C0008901000850660020506C00205068002012
:1002D000506800209FED1A1AF5EE000A40EE010A60
:1002E000BDEEE00AF5EEC00A10EE100AF1EE10FACB
:1002F00038BF401E00EE100A1349F7EE001AB8EEA0
:10030000C00A30EEC00ADFED0F0A20EE200AFCEE34
:10031000C00A10EE900AC0F3080000EE900A01EB4C
:100320008000F8EE600A90ED011A70EE600A90ED20
:10033000000A71EEE01A21EE800A00EE810A704791
:1003400083F9223E0000004430F80008B5EEC00AF0
:10035000F1EE10FA07D2DFED1E0AB4EEE00AF1EE7C
:1003600010FAA8BF7047DFED1B0AB5EEC00A60EEB9
:10037000200ABDEEE01A11EE100AF1EE10FA38BFB5
:10038000401E00EE100A1549F7EE001AB8EEC00A3A
:1003900030EEC00ADFED100A60EE200ABCEEE00A83
:1003A00010EE100AC0F3080000EE100A01EB800006
:1003B000B8EE400A90ED011A70EEC00A90ED000A06
:1003C00071EEE01A21EE800A00EE810A704700000B
:1003D000CD024CB483F9223E0000004430F80008FE
:1003E00053EA020C00F069802DE9F04B4FF0000653
:1003F000002B1FBFB3FA83F503FA05F424FA05F6C0
:100400005E4012BF1643B2FA82F502FA05F4C5F156
:1004100020051EBF22FA05FC44EA0C04203556EAEA
:10042000044C4FEA144418BF641C4FF000084FF00E
:100430000009904271EB030C39D3002919BFB1FABE
:1004400081F701FA07F6B0FA80F700FA07F6C7F16C
:1004500020071EBF20FA07FC46EA0C062037B6FB31
:10046000F4FCA7EB0507103F07F01F0BCBF12006AC
:100470002CFA06F60CFA0BFB44BFB3460026202FDD
:10048000A4BF5E464FF0000B5BEA060C08BF4FF0BE
:10049000010B19EB0B0948EB0608ABFB027C06FBD2
:1004A00002CC0BFB03CCC01B71EB0C01C1E70B466C
:1004B000024641464846BDE8F08B13B5084318BFD5
:1004C0004FF0FF300146AFF30080BDE81C4070479D
:1004D00010B5431C02E010F8011B71B18107FAD17D
:1004E0004FF0013202C88C1A8C4314EAC211F9D0C1
:1004F000C01A0A0603D0C01E10BDC01A10BD0A04DF
:1005000001D0801E10BD0902FCD0401E10BD4FF06E
:10051000000200B5134694469646203922BFA0E853
:100520000C50A0E80C50B1F12001BFF4F7AF09075F
:1005300028BFA0E80C5048BF0CC05DF804EB890050
:1005400028BF40F8042B08BF704748BF20F8022B93
:1005500011F0804F18BF00F8012B704770477047AB
:10056000704710B500F008F8006810BD10B50446DB
:1005700000F002F8046010BD00487047F001002050
:100580001FB584B000200A9C06AB04AA02A90094FF
:10059000AFF3008018B1DDE9020108B010BD0348D7
:1005A000204000F037F800200146F6E70000207CEC
:1005B00000487047F00100207546FFF7F9FFAE468E
:1005C00005006946534620F00700854618B020B55F
:1005D000FFF76EFEBDE820404FF000064FF0000729
:1005E0004FF000084FF0000BAC46ACE8C009ACE897
:1005F000C009ACE8C009ACE8C00921F007018D468C
:10060000704710B50446AFF300802046BDE81040A7
:10061000FFF739BE10B500F009F8BDE81040AFF3A0
:100620000080002801D000F057B8704710B50228AC
:1006300003D0410103D50DA112E0002010BD01013E
:1006400001D50FA10CE0C10001D511A108E0810086
:1006500001D512A104E0400001D513A100E0002162
:1006600015A000F03FF8012010BD0000496E766132
:100670006C6964204F7065726174696F6E00000070
:10068000446976696465204279205A65726F00007A
:100690004F766572666C6F7700000000556E64657A
:1006A00072666C6F77000000496E65786163742034
:1006B000526573756C7400005349474650453A20A3
:1006C00041726974686D65746963206578636570EB
:1006D00074696F6E3A20000001491820ABBEFEE736
:1006E0002600020070B505460C460A2000E06D1C8D
:1006F00000F011F835B128780028F8D102E0641C28
:1007000000F009F814B120780028F8D1BDE8704055
:100710000A20AFF3008008B569468DF80000032079
:10072000ABBE08BD704700000DF0FCB80DF090B9ED
:10073000FFF7D0BD00281CBF0021016070470000FA
:1007400000281EBF0021C4F2B011016070470000F4
:10075000B1EEC00AB7EE001A81EE000A7047000041
:10076000FFF7F4BD0020C4F202001021012201F0C5
:1007700035BE00000020C4F202001021002201F06A
:100780002DBE00007047000040F20040C4F202009D
:100790000121012201F022BE40F20040C4F2020019
:1007A0000121002201F01ABEB0F9003040F2180C0D
:1007B000C2F2000C00EE103A9CED001AB8EEC00A2E
:1007C00021EE000A81ED000AB0F902309CED001A1A
:1007D00000EE103AB8EEC00A21EE000A81ED010ADF
:1007E000B0F9043000EE103AB8EEC00A21EE000A6B
:1007F00081ED020AC3798179007A1B0243EA004045
:10080000084400EE100A9FED041AB8EE400A20EEEC
:10081000010A82ED000A704700401C427047000048
:100820000AF0A4BE0AF0F0BBB0F9002000EE102AD6
:1008300040F21802C2F2000292ED011AB8EEC00AAC
:1008400021EE000A81ED000AB0F9023092ED011AA2
:1008500000EE103AB8EEC00A21EE000A81ED010A5E
:10086000B0F9040000EE100AB8EEC00A21EE000A4A
:1008700081ED020A7047000010B5FFF783FFFFF714
:10088000CDFF09F037FF08B1802402E009F0E2FD56
:1008900004460AF073FA00281CBF44F0400010BD63
:1008A0000AF060F9204310BD2DE9F04F83B00292A9
:1008B0000E460190FFF75EFF922000F0C3F89220F1
:1008C00000F0C0F8552000F0BDF88046552000F03B
:1008D000B9F80546552000F0B5F88246552000F0DD
:1008E000B1F80446552000F0ADF88346552000F0DD
:1008F000A9F80746FFF736FF48EA052040F2180935
:1009000000B2C2F2000900EE100A99ED001AB8EE2A
:10091000C00A4AEA042021EE000A00B286ED000A6D
:1009200000EE100A4BEA072000B299ED001A02EE21
:10093000100AB8EEC00AB8EEC22A21EE000A21EE73
:10094000021A86ED010A86ED021AFFF725FF8020C4
:1009500000F078F8552000F075F80646552000F0B4
:1009600071F8552000F06EF88246552000F06AF8C4
:100970000546552000F066F88346552000F062F8E1
:100980000446552000F05EF80746552000F05AF85E
:100990008046FFF7F9FE0F2E25D14AEA052000B266
:1009A00000EE100A99ED011AB8EEC00A01994BEA5F
:1009B000042021EE000A00B281ED000A00EE100AC8
:1009C00047EA082000B299ED011A02EE100AB8EECB
:1009D000C00AB8EEC22A21EE000A21EE021A81ED09
:1009E000010A81ED021AFFF7C5FEA22000F02AF8E5
:1009F000A22000F027F8552000F024F8044646B263
:100A0000552000F01FF80546FFF7ACFEE00040EA75
:100A100055104FF60001CFF6FF71002E48BF084376
:100A200000EE100AB8EEC00AB4EE001A20EE010A79
:100A3000B3EE071A029830EE010A80ED000A03B007
:100A4000BDE8F08F80B582B08DF8070042F2AC406F
:100A50004FF47A7CC2F200000DF107010DF106029D
:100A60000123CDF800C003F0A3FC9DF8060002B0FE
:100A700080BD000090F900204078D3B2DB0043EA4B
:100A800050104FF60003CFF6FF73002A48BF1843FB
:100A900000EE100AB8EEC00AB4EE001A20EE010A09
:100AA000B3EE071A30EE010A81ED000A704700002C
:100AB000FEE7000041F66460C2F2000000F05ABE9A
:100AC00010B58AB00024CDE903140821DDE90CEC4F
:100AD000CDE907440791110A8DF80410190A8DF821
:100AE00006104FEA1E218DF808104FEA1C218DF8E0
:100AF00005208DF807308DF80A1003A901AA09AB6B
:100B0000CDE905448DF809E08DF80BC000F0D6FC66
:100B10000AB010BD80B588B001F50071B3EE041ABB
:100B2000002201910421B4EE410A0692CDE904228B
:100B3000CDE902220591F1EE10FAC8BFB0EE410AEC
:100B4000BBEE041AB4EE410A01A96A4607ABF1EE06
:100B500010FAB8BFB0EE410A8DED000A00F0AEFC0D
:100B600008B080BD002070470020704710B541F6E6
:100B70004034C2F2000441F24811C2F200012046A2
:100B8000002207F007FA40F64811C2F200012046A1
:100B900007F0F2F9002010BD10B541F64034C2F262
:100BA00000040146204607F0E7F9204607F0BEF9A9
:100BB000002010BD0020704741F64032C2F2000212
:100BC000D2F8BC22D2F81432002B1CBF012070478F
:100BD00010B541F64034C2F200040A4601462046F0
:100BE00007F0D8F92046BDE8104007F057BA0000DA
:100BF00080B58AB06FF0007001904FF0FF30009028
:100C0000022003900020CDE905000820079041F65E
:100C10006460C2F2000003A96A4609AB00F04EFC12
:100C20000AB080BD80B58AB06FF0407001904FF07F
:100C3000FF300090022003900020CDE9050008203D
:100C4000079041F66460C2F2000003A96A4609AB4E
:100C500000F034FC0AB080BD80B58AB002218DF866
:100C600008000020C0F65521ADF809008DF80B00F2
:100C7000CDE905000820019140F2FF71079041F68F
:100C800064600391C2F2000003A901AA09AB00F05D
:100C900015FC0AB080BD000080B500F009F841F6EF
:100CA000B460C2F20000BDE8804001F08DB80000E1
:100CB000B0B542F2AC40C2F20000C16C46F2A040B6
:100CC000C4F202000968A0F1480246F29F05914271
:100CD000C4F2020522D950F89C2CA9424FF02003FF
:100CE00064DD46F23F45C4F20205A94278DC46F2D3
:100CF000A005C4F20205A94200F08A8046F2104520
:100D0000C4F20205A94200F0CC8046F22843C4F2A6
:100D10000203994200F0C38080E100BF46F258020E
:100D2000C4F2020202F1600399421FD9D2F8A8234B
:100D3000A9424FF0200340F38F8046F23F45C4F2B2
:100D40000205A94200F3D08046F2A005C4F20205D4
:100D5000A94200F0F18046F21045C4F20205A94212
:100D600000F0048146F22843FAE000BF914255D9D1
:100D700052F854CCA9424FF0200455DC46F23F050E
:100D8000C4F20205A94240F3F58046F24005C4F2E0
:100D90000205A94200F0D68046F27005C4F20205B1
:100DA000A94200F0F58046F28805EBE046F23F05E7
:100DB000C4F20205A94265DD46F24005C4F202050F
:100DC000A94225D046F27005C4F20205A94268D0B6
:100DD00046F28803C4F20203994214D01EE100BF18
:100DE00046F24045C4F20205A94211D046F27045D0
:100DF000C4F20205A94254D046F28843C4F2020369
:100E0000994240F00B814FF4006313424CD13CE116
:100E10004FF40013134247D137E100BF52F858CCCA
:100E2000A9424FF02004A9DD46F23F45C4F2020575
:100E3000A94271DC46F2A005C4F20205A94200F005
:100E4000818046F21045C4F20205A94200F0A0805C
:100E500046F2284596E000BF46F23F05C4F202057F
:100E6000A94275DD46F24005C4F20205A94263D0ED
:100E700046F27005C4F20205A94277D046F2880313
:100E800040E000BF46F21005C4F20205A94208D0B6
:100E900046F22803C4F20203994240F0BF804FF4A7
:100EA0000063134200F0F18046F27042C4F2020285
:100EB00091420BD046F28842C4F20202914209D11B
:100EC0004FF4006240F8942CF1E000BF202240F87B
:100ED000942CECE04FF00062814208BF4FF4001206
:100EE00040F8942CE3E000BF46F24045C4F202050E
:100EF000A94221D046F27045C4F20205A94235D07C
:100F000046F28843C4F20203994240F0A9804FF4AC
:100F10000063134242D1B8E046F24045C4F20205F4
:100F2000A9420FD046F27045C4F20205A9422FD063
:100F300046F2884526E000BF4FF4001313422DD13E
:100F4000A3E000BF4FF4001404EA0C0525BB9CE0AD
:100F500046F21005C4F20205A94207D046F2280362
:100F6000C4F2020399427BD14FF40063134215D1BE
:100F70008BE000BF46F21005C4F20205A94207D07B
:100F800046F22805C4F20205A94273D14FF4006469
:100F900004EA0C05002D78D0994219D946F2104286
:100FA000C4F20202914235D046F22842C4F2020253
:100FB000914229D046F24042C4F2020291420CBF53
:100FC0004FF400114FF0006140F8981C6FE000BF33
:100FD00091422DD946F27000C4F2020081425FD0E6
:100FE00046F28800C4F2020081424FD046F2A000CF
:100FF000C4F2020081420CBF4FF400104FF00060B9
:1010000042F84C0C53E000BF4FF4006140F8981CCC
:101010004DE000BF202140F8981C48E04FF00063ED
:10102000814208BF4FF4001313427FF43DAF2CE020
:1010300046F21000C4F20200814235D046F2280088
:10104000C4F20200814227D046F24000C4F20200FE
:1010500081420CBF4FF400104FF0006025E000BF4C
:101060004FF00063814208BF4FF40013134295D143
:101070000BE000BF4FF00064814208BF4FF4001442
:1010800004EA0C05002D7FF487AFB0BD4FF400607B
:1010900042F84C0C0BE000BF4FF4006005E000BFCD
:1010A000202042F84C0C02E0202042F8500C40F284
:1010B0000445C2F20005287800248007C4F2020427
:1010C00022D46878800730D4A87880070CD5A87817
:1010D000102100F0FD00A870A878012240F0040063
:1010E000A870204601F07AF90AF0C4F82878400781
:1010F00058BFB0BD43F61040C4F20100016841F092
:1011000001010160B0BD00BF2878012100F0FD00A1
:1011100028702878012240F00400287004F58060CF
:1011200001F05CF968788007CED56878102100F06E
:10113000FD0068706878012240F004006870204665
:1011400001F04CF9A8788007C1D4CDE741F61470BE
:10115000C2F2000000F038BE70470000012001F02C
:101160005BB80000082001F057B80000102001F023
:1011700053B80000202001F04FB8000072B600BF45
:10118000FEE7000070B581B00022009290F83C208C
:10119000012A03D1022001B070BD00BFD1F800E0E8
:1011A00001221FFA8EFC4FEA4C0380F83C200EEB24
:1011B0004E0213FA8EF31024BEF1090F88BFA3F17B
:1011C0001E0288BF0C24036807251E59954026EA95
:1011D00005051D518D681E5905FA02F232431A5158
:1011E0004968062906D801EB81014A1F194651F8C2
:1011F000345F0EE00C2901EB810105D8A1F1230237
:10120000194651F8305F04E0A1F14102194651F846
:101210002C5F1F24944025EA04040C600CFA02F2AF
:101220000C6842F2043CC4F2010C2243ACF5417458
:10123000A3420A603ED1BEF1120F07D1DCF80010C4
:1012400041F48001CCF8001034E000BF2EF0010121
:1012500010292FD1DCF80010BEF1100F41F400016D
:10126000CCF8001026D140F2F001C2F2000109686A
:101270004DF68362C4F21B32A1FB0212910C01EB0A
:101280008101490000910099A1B1009901390091B3
:10129000009979B1009901390091009951B10099F3
:1012A00001390091009929B1009901390091009903
:1012B0000029EAD1002180F83C10002001B070BD67
:1012C000002804BF0120704710B5016C00293DD0F3
:1012D000016CC90645D4016C41F2021291430231FE
:1012E00042F204320164C4F20102116821F4403177
:1012F0001160136890E812102343D0F810E01360D7
:101300004A68012422F480724A604A68C0F6007478
:1013100042EA0E224A604A6822F040724A604A68F5
:1013200042EA0C024A608A6822F400628A60C2685B
:101330008B681A438A60826A8B68A24223F07063CA
:101340008B608B6810D123F0405216E0044600F009
:1013500065F820460021616484F83C10016CC906E0
:10136000B9D5012153E000BF1A438A608A6822F090
:1013700040528A60C26A8B681A438A608A6822F087
:1013800002028A608A68037E90F8204042EA4302A3
:101390008A604A6884B142F400624A604A684EF248
:1013A000000322F460424A60426ACFF6FF734C6841
:1013B00003EB4232224301E022F400624A60CA6A2F
:1013C00040F2000C22F47002CA62C3694269CFF68F
:1013D000F07CCC6A0CEB03532343CB628B6823F481
:1013E00000738B6090F830308C6844EA43238B6044
:1013F0008B6823F480638B608B6843EA82228A6067
:1014000000214164026C012363F3010202640022A3
:1014100080F83C20BDE810400846704780B586B093
:1014200042F200210068C4F20101002288420592C4
:10143000CDE903220292019202D006B080BD00BF26
:1014400043F630000092C4F20200436943F4806323
:101450004361436903F480630093009B0092036837
:1014600043F020030360006800F020000090009823
:101470004FF4806001900320CDE9020201F5724033
:1014800001A900F0D5FE06B080BD000090F8202034
:10149000013A012A08D8006800F1140200201368FC
:1014A00019431160704700BF00F1240201204FF47E
:1014B00080211368194311607047000010B590F83F
:1014C00020E0D0F800C0AEF1010EBEF1010FDCF853
:1014D00008E011D81EF0E05F18D0CEF301640120BF
:1014E000A04018608B68DBB1D1F804E0C86840EA1E
:1014F000CE0040EA030E17E000F1240301204FF470
:1015000080211A681143196010BD00BF00F1240347
:1015100001204FF400111A681143196010BD00BF7B
:101520000868CB6843EA405E0CF5C07000EB04131A
:10153000240140F804E00C69184640F8044F097D86
:10154000012903D1016841F48071016050680121D3
:10155000D8601068986000201A681143196010BDA7
:1015600090F82020013A012A30D8B0B546F2006048
:10157000C4F20000026842F001020260026822F434
:101580007C520260D1F814E0CC694A6A0368012CED
:1015900043EA022202600EF01F024FF0010303FA39
:1015A00002F2C3696FEA020C23EA0203C36113D09B
:1015B0002CBBC36803EA0C03C360CB688C8844EA85
:1015C000034300EBCE0423640B4611E0416A41F46F
:1015D0008021416201207047C3681343C3600B68D8
:1015E0008C8844EA034300EBCE04236401F10C032E
:1015F0008C681B8843EA044300EBCE0463644368B1
:101600008D6943EA0204D1F810E0096A002D08BF91
:1016100003EA0C0444604369BEF1000F43EA02048C
:1016200008BF03EA0C040129446102D1C1691143D6
:10163000C161016821F0010101600020B0BD00001E
:1016400070470000B0B590F82040013C012C7DD8D7
:10165000D0F800C000290CBFDCF80C40DCF81040CA
:10166000A4077DD00CF5D8754FEA011C55F80C4045
:1016700014F00404946055F80CE005EB011C19BF4C
:101680004FEADE0555604FEA5E551560DCF8005004
:10169000E64605F00205D5605EF8044F24075ABF00
:1016A000DEF8004004F00F0408241461DEF8004066
:1016B0000029C4F307249461DEF800504FEA154571
:1016C0005561DCF808201A70026802EB0112D2F8AA
:1016D000B8214FEA12225A70026802EB0112D2F8C6
:1016E000B8214FEA12429A70026802EB0112D2F856
:1016F000B8214FEA1262DA70026802EB0112D2F8E6
:10170000BC211A71026802EB0112D2F8BC214FEA27
:1017100012225A71026802EB0112D2F8BC214FEA80
:1017200012429A71026802EB0112D2F8BC214FEA10
:101730001262DA7100680CBF00F10C0100F11001B7
:10174000002020220B681A430A60B0BD00F124017A
:1017500001204FF480220B681A430A60B0BD00BF1D
:1017600000F1240101204FF400120B681A430A60B3
:10177000B0BD00002DE9F04F81B004460068466915
:10178000D0F804908768D0F80CB0D0F810A0D0F84A
:101790001880F10704D1002530071DD424E000BFD4
:1017A000F90710D00121BA07816009D4780700F148
:1017B000AF80380700F1B680204600F0F7FA02E06B
:1017C000204600F0F5FA0025F80500F18780F803BF
:1017D00000F1B180300707D51BF0100004D020685D
:1017E00045F400751021C160700708D51BF0080092
:1017F00005D020680821C160204600F0FDF9B0073F
:1018000006D52068C068800702D0204600F0F8F9AD
:10181000700607D51AF0100004D0206845F48065E2
:1018200010210161B00608D51AF0080005D0206823
:1018300008210161204600F085FAF00606D52068EF
:101840000069800702D0204600F07EFAB00308D578
:1018500019F0100005D0206810214160204600F0EA
:1018600075FAF00308D519F0080005D020680821A2
:101870004160204600F0A6FA300440F19B805FEA08
:10188000497040F1948006F4807008EA10202843E3
:101890005FEA8871014648BF41F00201B20558BFB6
:1018A00001465FEA48700D4648BF45F004057005E3
:1018B00058BF0D46300540F17A8018F0700000F0F6
:1018C00076801038000905286CD8DFE800F0036541
:1018D0005D61596945F0080564E000BF20684FF478
:1018E0008071BA0581600BD4780515D438051DD4F4
:1018F000204600F05FFAF8037FF56CAF1BE000BFF5
:10190000204600F059FAF8037FF564AF13E000BFFA
:101910004FF4006558E700BF05F50055F8037FF563
:1019200059AF08E04FF480554EE700BF05F58045FC
:10193000F8037FF54FAF20684FF48031BA03816020
:101940000AD4780310D4380314D4204600F036FAB1
:1019500030073FF541AF47E7204600F031FA300746
:101960003FF53AAF40E700BF05F5004530073FF5CA
:1019700033AF39E705F5803530073FF52DAF33E755
:1019800045F080050EE000BF45F020050AE000BFED
:1019900045F0400506E000BF45F0100502E000BF3D
:1019A00045F480752068816921F0700181612068AB
:1019B0000421416055B1606A40EA05012046616238
:1019C00001B0BDE8F04FFFF73BBE00BF01B0BDE87E
:1019D000F08F0000002804BF01207047B0B5044616
:1019E00090F8200010B9204600F06EF820680168D9
:1019F00041F00101016000F0F7FC054620684168F4
:101A0000C90705D100F0F0FC401B0B28F6D310E00D
:101A1000016821F00201016000F0E6FC054600BF0C
:101A20002068416889070DD500F0DEFC401B0B28BB
:101A3000F6D3606A052140F400306062012084F82A
:101A40002010B0BD217E0268012922F0800208BF6B
:101A500080320260617E0268012922F0400208BFE4
:101A600040320260A17E0268012922F0200208BFF4
:101A700020320260E17E0268012922F0100218BFC4
:101A800010320260217F0268012922F0080208BF9B
:101A900008320260617F0268012922F0040208BF57
:101AA00004320260D4E901C2D4E9033561691A4302
:101AB0002A431143ACF101021143C161002001210D
:101AC000606284F82010B0BD80B586B0006846F62C
:101AD0000002C4F2000200219042CDE90411CDE9D8
:101AE0000211019146D046F20041C4F20001884241
:101AF00040F07F8040F22051C2F200010A6843F6B4
:101B00004000C4F20200531C0B6052B90021009146
:101B1000016841F000710160016801F000710091FD
:101B200000990021009150F8102C42F0080240F872
:101B3000102C50F8100C022200F0080000900098C1
:101B40000320019004900920059040F20040C4F267
:101B50000200CDE9022100F5006001A900F068FB58
:101B600014200521002200F0E1FF142000F0CCFF3A
:101B700006B080BD43F64000C4F202000091016847
:101B800041F080610160016801F08061009100997D
:101B900040F22051C2F200010A68531C0B6052B996
:101BA00000210091016841F000710160016801F0BD
:101BB0000071009100990021009150F8102C42F022
:101BC000020240F8102C50F8100C00F002000090B7
:101BD0000098602001900220CDE9020103200490CA
:101BE0000920059040F20040C4F2020001A900F073
:101BF0001FFB06B080BD0000704700000000000021
:101C000070B58AB003AA01AB0021FFF71BFD039852
:101C1000A0F20121072923D20138C1B2BDF8042066
:101C2000890051FA80F042F2246112BAC2F2000136
:101C3000120C31F8103021F8102001EB4000BDF8F3
:101C40000610BDF8082009BA090C418011BA9DF8A8
:101C50000A20090C0381818082710AB070BD00BF27
:101C600000285BD1BDF805009FED311AC1BA00EE26
:101C7000101AB8EEC00A80EE010A9DF8072040F263
:101C8000083400BA9DF80850C2F20004000C9FED21
:101C9000291A60829FED282A100140EA1510A082BF
:101CA000A0F2FF7020EE011A30EE000A31EE011AA8
:101CB00020EE020A84ED071A84ED080A00EE100AED
:101CC0009FED1E1AB8EEC00A9FED1D2A9DF8041064
:101CD00020EE010A20EE020A01F00F039DF80960D0
:101CE000090910EE100A237461740DF09DFB9FED3D
:101CF0000C0B53EC102B0CF061FE9FED0B0B53EC17
:101D0000102B0CF05BFE0CF0F7FC606205F00F008E
:101D1000BDF80A1046EA0020E08221830AB070BDB7
:101D20006E861BF0F9211940000000608FC2E53F6C
:101D300000FF7F470000B443D00F49400AD7233C3F
:101D400000007042704700007047000070470000BC
:101D5000B0B5044690F8200001281DD1022084F877
:101D600020002068016821F00101016000F03CFBC7
:101D7000054600BF20684068C00713D000F034FB60
:101D8000401B0B28F6D3606A40F4003060620520E7
:101D900084F820000120B0BD606A40F40020606239
:101DA0000120B0BD00206062B0BD0000704700009F
:101DB0007047000070470000704700007047000047
:101DC0007047000070470000F0B581B0002100911D
:101DD00040F2F001C2F200010B68D0E9166148F24E
:101DE000B51537680822C1F64E358A403A42A3FB42
:101DF00005350CD003681C68640708D51C6824F0FE
:101E000004041C60B260426D42F00102426501228E
:101E10008A403A4208D003685B691B0604D5B26069
:101E2000426D42F00202426504228A403A4208D0E2
:101E300003681B689B0704D5B260426D42F0040240
:101E4000426510228A403A4219D001680B681B078C
:101E500015D5B2600B680A685B0309D4D20509D4B2
:101E60000A6822F008020A60016C29B907E000BF85
:101E7000110341D4016C11B1044688472046C26D5C
:101E8000202101FA02F33B4243D001680F68FF06AC
:101E90003FD5B36090F835700B68052F1CD123F047
:101EA00016030B604B6923F080034B61036C0BB985
:101EB000836C1BB10B6823F008030B603F2191403A
:101EC000B160012180F83510016D0022002980F8F1
:101ED000342054D158E000BF0A685B0310D4D20507
:101EE00012D40A6822F010020A60012180F835102D
:101EF000002180F8341007E0816C0029BCD1BEE7D6
:101F0000110301D4416C00E0C16B11B10446884754
:101F10002046416DC1B3416DC9072ED0052180F81F
:101F200035100168AA0A0B6823F001030B60009BBF
:101F30000133934200931AD80B68DB0717D0009B3C
:101F400001339342009312D80B68DB070FD0009B3C
:101F50000133934200930AD80B68DB0707D0009B3C
:101F600001339342009302D80B68DB07DFD10121D4
:101F700080F83510002180F83410C16C21B101B017
:101F8000BDE8F040084700BF01B0F0BD2DE9F041C9
:101F9000044600F029FAECB10546022084F8350029
:101FA0000020216884F83400086820F001000860EF
:101FB00021680868C00711D000F016FA401B0528F8
:101FC000F6D9032520230320636584F83550BDE846
:101FD000F08100BF0120BDE8F08100BF086848F231
:101FE0003F02CFF21002D4E9013500EA020C04F1FD
:101FF0000C0898E8C10143EA0C032B431843D4E9C9
:10200000072E304338431043626A40EA0E00042A28
:1020100040EA08031CD1206BD4E90A2E40EA0E00E6
:10202000184308604869BEF1000F20F0030040EA41
:10203000020040F0040C11D0B8F5005F36D0B8F1C2
:10204000000F45D1022A46D0012A3BD032B942E0E6
:102050000B60486920F0070040EA020C01F0F8002C
:102060004AF6AB221038CAF6AA22A0FB02231A09AC
:1020700040F27E03C1F814C0C0F601039A5C40F23E
:10208000FF335F284FF03F0021EA030100FA02F01E
:1020900088BF0431C4E9161288600023012500209E
:1020A000636584F83550BDE8F08100BF032AD5D8B8
:1020B000012540230120DFE802F0030E030500BFE5
:1020C00082E700BFAEF1C070B0FA80F0400904E0D2
:1020D000032A04D3C2D1CEF300600028BED001256C
:1020E00040230120636584F83550BDE8F08100008D
:1020F000B0B5044600F078F9054640F21000C2F28F
:1021000000000078611C18BF044400BF00F06CF9A7
:10211000401BA042FAD3B0BD10B501381F2800F211
:102120007980DFE800F011777777777777597777DD
:102130007777777777437777777777777777777763
:1021400077777777776500BF40F20444C2F20004E6
:10215000012060710BF0CCF8012811D0E06904F186
:10216000240109F0FDFE606A50B14EF60450CEF233
:1021700000004FF080510160BFF34F8FBFF36F8FAE
:1021800040F26430C2F200000178002918BF10BD8F
:10219000012101700020C4F2020000F019F940F2A0
:1021A0006731C2F20001087034E000BF0A2008F075
:1021B00055FF40F20440C2F20000417841F00101B5
:1021C0004170817841F001018170007910B3BDE860
:1021D000104009F04FB800BF0B2008F03FFF40F25D
:1021E0000440C2F20000C17841F00101C17010BD8D
:1021F000092008F033FF40F20440C2F200000178E9
:1022000041F001010170007920B1BDE8104009F0F2
:1022100031B800BF10BD000043F61441C4F2010103
:102220000A68024214BF08607047FFF775BF0000DC
:102230002DE9F04F83B000F1200200F13E4741F656
:102240000045009207F1FF77C4F2020508224FEA29
:10225000B726A84208BF072200254FF000084FF01C
:102260000009072E38BF4FEAB72201920AE000BFEB
:1022700009F1010908F10208B9F1100F05F104058F
:1022800000F0A2800F68012202FA09FE17EA0E0A86
:10229000EED0D1F804C003220CF003077E1E02FA30
:1022A00008F4012E6FEA040B12D88468CE6804EAA1
:1022B0000B0406FA08F634438460446824EA0E06E8
:1022C000CCF3001404FA09F42643466004E000BF8E
:1022D000032F01D103271EE0C6688C6806EA0B06AF
:1022E00004FA08F42643022FC66014D16FF00302EB
:1022F000009E02EA590756F807C005F01C040F2299
:102300000B69A2402CEA0202A3401A43F251D1F811
:1023100004C00CF00307026807FA08F302EA0B0294
:102320001A431CF4403F0260A2D0002243F644034B
:102330000292C4F202031A6843F6004442F4804257
:102340001A601A68C4F2010402F480420292029AEE
:1023500029F003024FF6084C2244CFF6FF7C52F8D6
:102360000C3005F00C070F26BE40B343019E06FA61
:1023700007F73B4342F80C30A2684B6842EA0A0771
:1023800043F60C4CDE0258BF22EA0A07A760C4F2EB
:10239000010CDCF800209E0242EA0A0758BF22EA3C
:1023A0000A07CCF8007062689E0342EA0A0758BF29
:1023B00022EA0A0767602268DB0342EA0A0758BF7D
:1023C00022EA0A07276053E703B0BDE8F08F000058
:1023D0000069084018BF012070470000002A08BFAC
:1023E000090481617047000046F2F430C2F2000037
:1023F00000687047002804BF01207047F0B581B025
:10240000044690F83D0028B9002084F83C0020469E
:1024100000F07CFA242084F83D002068016821F057
:1024200001010160016841F400410160016821F48B
:102430000041016001F0A6FC636848F2A16CC0F2A3
:10244000010C40F60011C0F23D0163453CBF48F26B
:102450008041C0F21E01884202D2012001B0F0BDCD
:102460004DF68361C4F21B31A0FB01122168970C69
:10247000D1F804E04FF496762EF03F0545EA9245F8
:102480004D60774348F638160D6AC0F24106A7FB47
:10249000067625F03F07634538BF960C721C3A4319
:1024A0000A62CA6948F2A0664CF6FF77C0F20106DC
:1024B000B34222EA07020BD801385B00B0FBF3F00D
:1024C00001306FF31F30042898BF04201BE000BFC9
:1024D000A768013857B119277B43B0FBF3F00130EF
:1024E0006FF31F3070B100F5804007E003EB43034A
:1024F000B0FBF3F001306FF31F3018B100F500406E
:1025000001E000BF01201043C8610868D4E9072337
:1025100020F0C000104318430860886848F2FF327A
:1025200004F10C0790438CCF18431043A6698860D0
:10253000C86820F0FF0038433043C860086840F0A6
:102540000100086000202021206484F83D102063F1
:1025500084F83E0001B0F0BD2DE9F04784B0994603
:1025600016460F460446FFF73FFF94F83D1020291A
:1025700027D10546206800BF816989071CD5FFF770
:1025800033FF411B20681A29F6D381698907F3D5E7
:1025900000202021206384F83D1084F83E00206C48
:1025A00004F13C0A40F020002064022000218AF857
:1025B000001004B0BDE8F087A2461AF83C1F0129BC
:1025C00004D1022004B0BDE8F08700BF01228AF8E0
:1025D00000200368DDE90D180C9ADB0703D10368BE
:1025E00043F001030360036823F4006303602220C7
:1025F00084F83D00402084F83E00002020646262A0
:102600006185608D394620850020CFF6FF70E0623D
:10261000204632464B46CDE9008502F055FD18B103
:10262000012004B0BDE8F087208D08B3022813D044
:10263000012835D121680A6822F480620A600022EC
:1026400003924A6903928A690392039A0A6842F4E0
:1026500000720A602CE000BF21680A6822F48062E0
:102660000A600A6842F400620A60002203921AE0DB
:1026700000200390206841690391816903910399C7
:10268000016841F400710160202084F83D000020C1
:1026900084F83E0000218AF8001004B0BDE8F087FD
:1026A0000021039121684A69039289690391039982
:1026B0000427C0F201070CE010690870606A218DE0
:1026C00001306062481E2085618D013961850104F9
:1026D000DAD080B203280FD802284AD001282DD1A1
:1026E000204641462A4602F08DFF002898D12068F6
:1026F000616A0069E1E700BF204641462A4602F0D0
:1027000081FF00287FF48CAF2068616A006908703F
:10271000606A2268411C208D616201382085638DCA
:10272000013B638553695B07D1D580B20328C3D1D0
:10273000106820F480601060BEE700BF2046394674
:1027400000224346009502F00BFE00287FF468AF9C
:102750002068616A026822F4806202600069087081
:10276000606A218D01306062481E2085608D0138CD
:1027700060852046394600224346009502F0F0FD70
:1027800000287FF44DAF2068616A026842F400724D
:10279000026000690870606A2268411C6162218DD4
:1027A00001392185618D013961851169417085E7A4
:1027B0002DE9F04383B0994616460F460446FFF7CD
:1027C00013FE94F83D10202924D10546206800BF4F
:1027D000816989071AD5FFF707FE411B20681A296E
:1027E000F6D381698907F3D500202021206384F87E
:1027F0003D1084F83E00216C41F02001216484F8F2
:102800003C00022003B0BDE8F08300BF94F83C1008
:10281000012903D1022003B0BDE8F083012284F82E
:102820003C200368DDE90B180A9ADB0703D1036833
:1028300043F001030360036823F400630360212075
:1028400084F83D00402084F83E000020206462624D
:102850006185608D394620850020CFF6FF70E062EB
:10286000204632464B46CDE9008502F0B7FC18B150
:10287000012003B0BDE8F083208D98B92046414681
:102880002A4602F00FFD88B3206C0428F0D120689E
:10289000016841F400710160012003B0BDE8F083DC
:1028A0000004EBD0204641462A4602F0F3FE002801
:1028B000EAD1616A2268084610F8013B1361238D52
:1028C0006062581E2085678D013F678557697F07C5
:1028D000E6D50704E4D048781061881C6062981E31
:1028E0002085618D01396185DAE700BF20680168C4
:1028F00041F400710160202084F83D00002084F83C
:102900003E0084F83C0003B0BDE8F0832DE9F047B9
:1029100086B045F600460068C4F200060025B042C5
:102920000595CDE903550295019503D006B0BDE8A4
:10293000F08700BF43F630070095C4F202073868FD
:1029400001AC40F00400386038684FF0120800F025
:10295000040000900098009538684FF0030940F09B
:102960000100386038684FF0040A00F00100009060
:1029700000984FF40070019006F5D6302146CDE95D
:102980000285CDF81090CDF814A0FFF751FC4FF45C
:102990008070CDE9010803A880E8200606F5D23052
:1029A0002146FFF745FC0095386940F40000386186
:1029B000386900F400000090009806B0BDE8F08788
:1029C00040F2100046F2F431C2F20000C2F20001FF
:1029D00000780A68104408607047000080B543F62C
:1029E0000040C4F20200016841F400710160016816
:1029F00041F480610160016841F48071016003204D
:102A000000F0C0F80F2000F005F800F05BF800209F
:102A100080BD000070B586B0002543F640010195E9
:102A2000C4F202010A68044642F001020A60096821
:102A300001A801F0010101910199694601F07CF9B9
:102A4000049E002E18BF012601F09CF94DF683610B
:102A5000B040C4F21B31A0FB01014FF0FF3000EB8E
:102A6000914142F24C50C2F200004FF0804240F2DD
:102A7000E733C0E90021C0E902530561856101F037
:102A800099FE08B106B070BD42F24C50C2F200008F
:102A900001F0F0FE0028F5D11C2000F035F80F2CD5
:102AA0000CD81C202146002200F040F840F214010E
:102AB0000020C2F200010C6006B070BD012006B01B
:102AC00070BD000082B0002043F640010190C4F2C6
:102AD00002014A6842F480424A604A6802F4804235
:102AE0000192019A00900868002240F0805008602E
:102AF00008680F2100F08050009000986FF00100EE
:102B000002B000F013B80000002848BF704700F082
:102B10001F01012202FA01F11C2202EAD0004EF24A
:102B20000012CEF2000281507047000010B54EF640
:102B30000C5CCEF2000CDCF80030C3F3022E8EF0F9
:102B40000704042C28BF0424BEF103034FF0FF3E0A
:102B50000EFA04F438BF0023A14399400EFA03F3A0
:102B60009A43114300F00F0200F160430901043A57
:102B700003F564436244002848BF02F10C03197056
:102B800010BD00004EF60C51CEF200010A684FF65F
:102B9000FF031A4060F30A2242F0806040F0FD70AB
:102BA000086070477047000002680020516270475B
:102BB0002DE9F041D0F80080D8F8243091B1D8F850
:102BC0002870B1F1010C03EB17414FD05FFA8CF77D
:102BD00008F58273042F0CF0030E0BD2002700249B
:102BE0002BE000BF43EA02410020C8F82810BDE8EE
:102BF000F08100BF0CF0FC0508F1F406002400BFD2
:102C000056F8107F44F0020001EB174144F0010731
:102C1000FFB253F82770C0B253F8200001EB174100
:102C200001EB104044F00301C9B253F82110043401
:102C3000E7B2AF4200EB1141E2D1BEF1000F15D077
:102C400053F82700BEF1010F01EB10410ED0601CBC
:102C5000C0B253F82000BEF1020F01EB104105D0C5
:102C6000A01CC0B253F8200001EB104141EA024021
:102C700008EB8C01C1F804010020BDE8F0810000E0
:102C8000D0F8E00405F038BD01EBC102D0F8E03423
:102C900000EB8200026A184605F092BC01EBC1020B
:102CA000D0F8E03400EB8200D0F86022184605F03E
:102CB000E5BC0000D0F8E00405F020BD10B54FFAE7
:102CC00081FC4FF4157201F00F0EBCF1000F48BFEC
:102CD000142290F8944402440EEBCE034FEAD11C28
:102CE00002EB8301012C81F801C002F823E004BF4C
:102CF000022010BD0268012380F894340446104677
:102D000006F0FAFA002084F8940410BDB0B50379F7
:102D100001F00F029A4284BF0120B0BD4BB24FF4C4
:102D20001574002B48BF142400EB040E90F8944453
:102D300002EBC2034FEAD11C0EEB8301012C4FF0D2
:102D4000000481F801C08C700EF8232004BF02201B
:102D5000B0BD0268012380F894340546104606F0A1
:102D6000BFFD204685F89444B0BD000001F00F017E
:102D700001EBC10100EB8100D0F868027047000050
:102D800010B54FFA81FE01F00F0CBEF1000F6FF38A
:102D9000DF220CEBCC010DD400EB810E00240EF5EC
:102DA00015718EF855428EF854C2CEF85C228EF81A
:102DB000583209E000EB810101F814CF01244C7076
:102DC0008A600B71A1F81AC0022B04BF00224A715D
:102DD00090F89424012A04BF022010BD0268012348
:102DE00080F894340446104606F0F8F8002084F881
:102DF000940410BD10B501F00F0E0EEBCE0100EBE8
:102E000081044FF0000CC4F868C284F855C290F8F1
:102E100006C004F51571C4F86022C4F86432BCF130
:102E2000010F84F854E208BFCA610068624606F0E8
:102E3000A1FD002010BD0000B0B5027901F00F0423
:102E400094424FF001022CD84BB24FF41575002B71
:102E500048BF14254FEAD11C48BF2146054401EB69
:102E6000C10305EB830181F801C090F894C48A7016
:102E7000BCF1010F05F8234004BF0220B0BD026879
:102E80000123054680F89434104606F053FD2CB912
:102E90002868A97905F29C4206F0F4FC002285F826
:102EA00094241046B0BD000001F00F0C0CEBCC01D7
:102EB00000EB810101F814CF4FF0000C0B61837916
:102EC000C1F814C04FF0010CCA60012B81F801C099
:102ED00008BFCA6180B500681A4606F04BFD0020A5
:102EE00080BD00002DE9F04F87B005688246284676
:102EF00006F05CFF10B107B0BDE8F08FDAF8000013
:102F000006F082FF0028F6D0D5F80808C0F30D219E
:102F1000DAF80000CAF8D41406F076FF0146DAF8B1
:102F20000000890703D5416901F00201416105F5FF
:102F30000061049106F068FF0146DAF80000C90656
:102F4000059535D5816921F0100181612C6A04F065
:102F50000F0000EBC0000AEB8001C4F343400628D9
:102F600001F5157512D002281BD147F6F07014EA4E
:102F7000000616D0E96834090598224606F048FF95
:102F8000E86800EB1610E86008E000BF05980AF258
:102F90009C41082206F03CFFC4F30A1468692044EF
:102FA0006861DAF80000816941F010018161059DD6
:102FB00006F02AFF000340F1F180DAF8000006F085
:102FC00001FF002800F0EA8006460AF29C404FF418
:102FD000306800244FF0000B069019E005EB080064
:102FE00002218160B80642BF05EB08002021816004
:102FF000B80442BF05EB08004FF4005181600BF1AB
:10300000010B760808F1200804F1240400F0C680C2
:10301000F007F4D0DAF800005FFA8BF9494606F0C1
:10302000EBFE0746C00760D005EB08000121816078
:10303000DAF8000008EB0001036C8A689AF8065081
:10304000012D25D1150733D4950600F19F8043F259
:103050000B05C4F65475AB42059D02D312F4004231
:1030600030D10AEB0402D2F8743209696FF3DF4100
:10307000A3EB0101C2F868129CBBD2F86432002BAA
:1030800000F08A80D2F860020844C2F8600228E0AA
:1030900043F20B05C4F65475FF35AB4218D1059DBC
:1030A00010040FD4900644BF2020886019E000BFB0
:1030B00043F20B00C4F65470059D834215D312F4FD
:1030C000004012D04FF40040886038070FD43DE034
:1030D000059D34B9DAF8641219B90021069A06F090
:1030E000D1FB50464946FFF7D9FD38072ED505EBF1
:1030F000080008218160DAF8000043F20B02056C39
:1031000040448168C4F6547295420BD311F40041D7
:1031100008D04FF400418160504600F019FD059D34
:103120000AE000BF504600F013FD43F20B00C4F666
:1031300054708542059D09D39AF80600012805D1EF
:10314000DAF80000069A012106F09CFBF80642BF5F
:1031500005EB080010218160B8077FF543AF68696F
:10316000000604D50499486840F4806048600AEB82
:10317000040090F8571201297FF430AF002180F845
:1031800057125046494600F031FB27E7202088605F
:10319000059D3807ABD4D9E701219FE7DAF8000095
:1031A000CDF818A006F030FE400340F1D380069819
:1031B000006806F0FFFD002800F0CC800646069867
:1031C00005F5106900F1140100F29C4000270391FD
:1031D0000190CDF8089004E0760807F1010700F0AF
:1031E000B980F007F8D006985FFA87FA0068514670
:1031F00006F0F0FD0446C00726D0049A07F00F0041
:10320000516B012303FA00F021EA0000506309EB3F
:103210004710836006988079012811D1039907EB44
:10322000C70001EB8000D0E902121144C1603FB930
:10323000006928B90698019A0068012106F022FB6E
:1032400006985146FFF720FD200742BF09EB4710C3
:1032500008218160E00642BF09EB47101021816020
:10326000600642BF09EB471040218160A00716D5D8
:103270002846394606F02CFD039907EBC70001EB01
:10328000800010F8031F012905D100210170069864
:10329000514600F0A7FA09EB471002218160200691
:1032A0009AD5039907EBC70001EB8008D8E9042001
:1032B000824291D30699D8F808300C68111A9942C5
:1032C00038BF0B4604EB4711D1F818C903F1030EC0
:1032D0001FFA8CF3B3EB9E0F2DD301F5106900BFDD
:1032E000D8F81020824224D9101A069AD8E902B1DF
:1032F0009579584538BF83461FFA8BF320465246CE
:103300000095059D07F06EF8D8F80C00D8F8141059
:103310005844C8F80C0001EB0B00C8F81400D9F8A9
:1033200018100BF1030289B2B1EB920FD8D2D8F882
:103330001020DDF8089082423FF64EAF07F00F00F4
:10334000D4F83418012202FA00F021EA0000C4F88F
:10335000340841E7DDF81890D9F8000006F054FD74
:10336000002821D4D9F8000006F04EFD00053AD41B
:10337000D9F8000006F048FDC00445D50499486816
:1033800020F001004860D9F80000102106F0A0FCF0
:1033900099F80400010600F0EC80C1B2042900F0A5
:1033A000030035D200219AE00499486820F001001A
:1033B000486099F8CC04012808D1002089F8CC0491
:1033C00048460021FFF7EEFB03E000BF484600F04F
:1033D000A3FBD9F80000416901F00041416106F00A
:1033E00013FD0005C4D504988068C00702D0484684
:1033F00000F0D6FBD9F80000416901F40061416199
:1034000006F002FDC004B9D4D9F80000DDE000BF29
:103410006FF0600202EA411200234FF67F3700216D
:10342000EE18C6F80879D6F80059803325F400154F
:10343000C6F80059C6F8087BD6F8005B9A4225F416
:103440000015C6F8005BD6F8005B01F1040145F0F9
:103450000065C6F8005BC6F82879D6F8205925F42F
:103460000015C6F82059C6F8287BD6F8205B25F44D
:103470000015C6F8205BD6F8205B45F00065C6F85D
:10348000205BC6F84879D6F8405925F40015C6F8EF
:103490004059C6F8487BD6F8405B25F40015C6F8BD
:1034A000405BD6F8405B45F00065C6F8405BC6F867
:1034B0006879D6F8605925F40015C6F86059C6F841
:1034C000687BD6F8605B25F40015C6F8605BD6F81B
:1034D000605B45F00065C6F8605B059DA0D10028E3
:1034E00047D005F5106202EB41134FF67F374E01CE
:1034F0009F609559059B25F4001503F530639551A0
:1035000003EB4115AF609D59012825F400159D512D
:103510009D5945F000659D512BD04E1C02EB461481
:103520007501A760545903EB461624F40014545156
:10353000B7605F59022827F400175F515F5947F0C1
:1035400000675F5115D0881C02EB40174FF67F369D
:103550004101BE60575803EB401027F40017575045
:103560008660585820F400105850585840F00060B9
:103570005850049F8421F869442240F00110F861FA
:1035800099F80F0000284FF00B0008BF142108BF66
:1035900042F22B007B5808BF102218437850B858CD
:1035A00040F00B00B850386809F29C4220F4FE60ED
:1035B0003860D9F8000099F8061006F063F9D9F8D8
:1035C0000000416901F48051416106F01DFC014693
:1035D000D9F8000089041AD505F042FDD9F8000099
:1035E00006F0D6FBD9F8004089F8070000F0C4FBCC
:1035F00099F807200146204606F026FE484600F0CE
:1036000075FAD9F80000416901F40051416106F0F2
:10361000FBFB000706D4D9F8000006F0F5FB000616
:103620000DD437E0484600F07BFAD9F80000416934
:1036300001F00801416106F0E7FB00062AD5059973
:10364000886920F08000886199F80400022821D35D
:1036500009F5157409F11405012640F27B2704E0F1
:103660000136864207F1240714D219F80710012900
:10367000F6D106F00F0000EBC0023006D9F80000CA
:1036800005EB820158BF04EB820106F091FA99F82C
:103690000400E5E7D9F8000006F0B6FBC0024BD401
:1036A000D9F8000006F0B0FB059D80027CD599F8A2
:1036B0000410022926D305F53260013909F51F727D
:1036C000012304E02030013902F124021AD00768F6
:1036D0001678012EF6D1B7F1FF3FF3DCD9F8D464A8
:1036E00086EA1747FF07EDD102F8013CAF6947F0C2
:1036F0008007AF616F693F06E4D40499486840F4DD
:1037000000704860D9F80000416901F4001141617E
:1037100006F07AFB40004DD54846FFF7B1FAD9F8DC
:103720000000416901F08041416106F06DFB4007F6
:103730007FF5E1AB45E000BF99F80400022827D3EC
:10374000059909F1140401F5126509F13B064FF0E2
:103750000108012706E000BF01372035874206F146
:10376000240615D229687278012AF5D1B1F1FF3FFC
:10377000F2DC07F00F0000EBC001D9F8000004EB09
:10378000810186F8008006F013FA99F80400E3E757
:10379000D9F80000416901F48011416106F034FB61
:1037A000059D80023FF583AFD9F8000006F02CFBA1
:1037B0004000B1D4D9F8000006F026FB40077FF5A1
:1037C0009AABD9F800004468610704D54846FFF772
:1037D00071FAD9F8000041682143416007B0BDE8A3
:1037E000F08F0000D0F8E00404F0ECBFD0F8E00463
:1037F00004F0FEBF002804BF01207047F0B581B07F
:103800000446056890F8950428B9002084F89404CB
:10381000204600F027F90320B5F1A04F84F8950465
:1038200004BF0020A071206806F024F894E80F007F
:10383000267C009605F024FC002840F000812068DA
:10384000002106F03BFB002840F0F98094F804E0EA
:10385000BEF1000F00F0EC800EF0030CBEF1040F7F
:103860004FF0000240D30EF0FC03A4F190000321BE
:10387000012500BFCE1E80F8A460A0F8BE608E1E99
:1038800080F8C860A0F8E2604E1E80F8EC60A0F8F6
:10389000066180F81011A0F82A110E1D013180F880
:1038A000A55080F8A820C0E92B22C0F8B42080F8E9
:1038B000C95080F8CC20C0E93422C0F8D82080F864
:1038C000ED5080F8F020C0E93D22C0F8FC2080F8DF
:1038D000115180F81421C0E94622C0F8202190300F
:1038E00099423146C6D1F21EBCF1000F31D004F12D
:1038F000140002EBC20100EB8105012300F8212036
:103900000021BCF1010F6B706A832971C5E90211B6
:1039100029611ED0551C05EBC50600EB8607BCF1DE
:10392000020F7B7000F826507D833971C7E90211C0
:1039300039610ED0911C01EBC10200EB820301251D
:1039400000F8221000205D7059831871C3E902004D
:103950001861BEF1000F6BD0BEF1040F4FF00002F2
:1039600036D30EF0FC000321234600BFCF1E83F8A0
:1039700054728F1E83F878724F1E83F8C0120D1D8B
:10398000013183F8552283F85822C3E99722C3F8FE
:10399000642283F8792283F87C22C3E9A022C3F849
:1039A000882283F89D2283F89C7283F8A022C3E9C1
:1039B000A922C3F8AC2283F8C12283F8C422C3E948
:1039C000B222C3F8D022903381422946CED1EA1EDA
:1039D000BCF1000F2CD004F5157002EBC20300EB14
:1039E00083070021BCF1010F797000F823203971A1
:1039F000C7E9021139611BD0531C03EBC30700EB6D
:103A00008706BCF1020F717000F827303171C6E9EA
:103A1000021131610CD0911C01EBC10200EB820359
:103A200000275F7000F822101F71C3E902771F6141
:103A300094E80F00277C009705F0C0FC30B102200D
:103A400084F89504012001B0F0BD00BF002060742F
:103A5000012084F89504206805F0A0FC002001B046
:103A6000F0BD0000B0B586B000680024B0F1A04FF2
:103A70000594CDE903440294019401D006B0B0BD91
:103A800043F630050094C4F20205286801A940F00D
:103A900001002860286800F00100009000984FF4B1
:103AA000C05001900220CDE90204032004900A20B6
:103AB00005900020C4F20200FEF7BAFB68680521F9
:103AC00040F08000686000946869002240F4804003
:103AD0006861686900F48040009000984320FFF717
:103AE00025F84320FFF710F806B0B0BD10B5044626
:103AF000C07928B1022801D0FDF740FB012100E088
:103B00000021D4F8E00404F0FBFED4F8E004BDE8A2
:103B1000104004F0A9BE0000D0F8E00404F0D6BEC6
:103B2000D0F8E00404F0DCBE90F89424012A04BF2D
:103B30000220704710B5012280F894244174026875
:103B40000446104606F06EFB002084F8940410BD75
:103B5000D0F8E02400F29C41104604F0E7BE0000DB
:103B600010B5044690F89404012804BF022010BD4B
:103B70002068012184F89414C168490606D5617B48
:103B8000012903D1816B41F48031816306F098F8FB
:103B9000206805F0F3FB002084F8940410BD0000B9
:103BA00010B50446D0F8E00404F016FF2068D0F801
:103BB000001E41F00101C0F8001EE07A002808BF95
:103BC00010BD4EF61050CEF20000016841F0060123
:103BD000016010BD002804BF012070472DE9F041AD
:103BE00043F60808C4F202080446D8F8F8030D4664
:103BF00000F00700814207D988F8F853D8F8F80395
:103C000000F00700A84277D12068810717D5410747
:103C100005D5D8F8001041F4E051C8F800100107AC
:103C200005D5D8F8001041F46041C8F80010D8F864
:103C30000010A26821F0F0011143C8F80010C0077D
:103C400040D1D8F8F80300F00700854207D288F881
:103C5000F853D8F8F80300F00700A8424CD12068C8
:103C6000410707D5D8F80010E26821F4E05111436C
:103C7000C8F80010000708D5D8F80000216920F422
:103C8000604040EAC100C8F8000000F08FF8D8F8A2
:103C9000001040F25402C1F30311C0F60102515C5E
:103CA00040F2F00220FA01F140F21400C2F20000EA
:103CB0000068C2F200021160FEF7ACFE0020BDE811
:103CC000F08100BF6068811E022907D258F8081CE5
:103CD00089015CBF0120BDE8F08111E0012807D116
:103CE00058F8081C89035CBF0120BDE8F08107E09B
:103CF00058F8081C890703D40120BDE8F08100BFF3
:103D0000D8F8001021F003010843C8F80000FEF7BE
:103D10006BFB064641F28837D8F80000616800F076
:103D20000C00B0EB810F8CD0FEF75EFB801BB8421D
:103D3000F2D90320BDE8F0810F22026043F60802A9
:103D4000C4F20202136803F003034360136803F034
:103D5000F0038360136803F4E053C360D2F800C03B
:103D60004FF4E05303EADC030361D2F8F80300F0F8
:103D7000070008607047000040F2F000C2F2000047
:103D80000068704740F2F00043F60801C2F20000FC
:103D9000C4F202010068096840F26402C1F38221A2
:103DA000C0F60102515CC8407047000010B543F6F0
:103DB0000404C4F202046168C1F3810142F20040CC
:103DC000C0F2F400DFE801F002040A0210BD00BFF7
:103DD00041F60030C0F2B70010BD00BF2068216876
:103DE0002368490241F60031C0F2B70100F03F02FA
:103DF000C3F388105CBF42F20041C0F2F401A1FBA2
:103E000000010023FCF7ECFA21680222C1F3014112
:103E100002EB4101B0FBF1F010BD0000002804BF2F
:103E2000012070472DE9F04182B00446007843F646
:103E30000006C007C4F202060CD0B06800F00C0007
:103E4000042840F081803068800303D56068002832
:103E500000F06881207880071BD5B06810F00C0F47
:103E600009D0B06800F00C00082840F08780706826
:103E7000400200F183803068800703D5E0680128A4
:103E800040F050813068216920F0F80040EAC1001C
:103E900030602078000713D4207840072AD4A56921
:103EA000002D00F03A81B06800F00C00082840F0C6
:103EB000A580012D40F00E81012002B0BDE8F08107
:103EC0006069002800F082800020C4F247200121B0
:103ED000C0F8801EFEF788FA054600BF706F8007A5
:103EE000DAD4FEF781FA401B0228F7D9032002B08A
:103EF000BDE8F081306C5FEAC0080AD40020019070
:103F0000306C40F080503064306C00F08050019094
:103F1000019847F20007C4F200073868C00547D48B
:103F2000386840F480703860FEF75EFA054600BFDE
:103F30003868C0053CD4FEF757FA401B0228F7D971
:103F4000032002B0BDE8F081B06800F00C00082842
:103F500003D1706840023FF576AF61683068B1F513
:103F6000803F07D0B1F5A02F40F09A8040F4802028
:103F70003060306840F4803030609AE0E0680028BB
:103F800040F20000C4F247205CD001210160FEF73E
:103F90002BFA0546306880073FF574AFFEF724FA28
:103FA000401B0228F6D9032002B0BDE8F08100BF13
:103FB000A168306F012905D0052955D140F00400D2
:103FC0003067306F40F00100306756E00020C4F2E7
:103FD00047200021C0F8801EFEF706FA054600BF04
:103FE000706F80077FF558AFFEF7FEF9401B02287F
:103FF000F6D9032002B0BDE8F08100BF0027C4F26B
:10400000472700203866FEF7EFF9022D05460DD14F
:104010003068800140F18A80FEF7E6F9401B0228F3
:104020004FF00300F4D902B0BDE8F08130688001A0
:1040300073D5FEF7D9F9401B02284FF00300F5D9DC
:10404000F1E700BF00210160FEF7CEF9054600BF91
:10405000306880077FF51DAFFEF7C6F9401B0228C8
:104060004FF00300F4D9DEE720F001003067306F35
:10407000002920F0040030677AD0FEF7B5F9054634
:1040800041F28837306F800700F18480FEF7ACF989
:10409000401BB842F6D9032002B0BDE8F08100BF52
:1040A00020F4803030603068002920F480203060B7
:1040B0007AD0FEF799F90546306880033FF5CAAE1D
:1040C000FEF792F9401B6428F6D9032002B0BDE840
:1040D000F08100BF7068E16900F480028A4221D15A
:1040E000216A00F03F028A421CD147F6C071626A21
:1040F0000140B1EB821F15D1A16A4FF6FF73C903CE
:10410000994300F44032A1F580318A420AD1E16A34
:1041100000F07060B0EB016F04D1002002B0BDE888
:10412000F08100BF012002B0BDE8F08104F11C0560
:104130002FCD084340EA8210D9034FF6FF72914316
:10414000A1F5803140EA05600843706001203866BF
:10415000FEF74AF9044600BF30688001DDD4FEF75F
:1041600043F9001B02284FF00300F5D95BE700BFBD
:10417000FEF73AF9054641F2883700BF306F8007F5
:1041800008D5FEF731F9401BB8424FF00300F5D9CE
:1041900049E700BFB8F1000F3FF581AE306C20F069
:1041A000805030647BE600BFFEF71EF9054600BF75
:1041B000306880037FF54EAEFEF716F9401B642889
:1041C0004FF00300F4D92EE770B528B1416A29B148
:1041D00000210161142106E0012070BD4168B1F5A4
:1041E000827F02D01C21002242500026866290F875
:1041F000511029B980F85060054600F03DF8284676
:10420000022180F8511090E82E0002F482720C68AE
:1042100003F4044324F040040C601A4405F40063E2
:1042200005691A4405F0020345691A4405F00103C3
:104230008569C4691A4405F400731A4404F038030C
:10424000046A1A4404F08003846A1A4304F4005395
:104250001A430A60436A042202EA154203F010037B
:104260001A444A60CA6922F40062CA6101214665A3
:1042700080F85110304670BD2DE9F04F87B00446EC
:1042800043F200070068C4F201070026B842069610
:10429000CDE904660396029602D007B0BDE8F08F20
:1042A00043F630000196C4F20200416902AD41F4C8
:1042B0008051416141694FF0020901F4805101913F
:1042C0000199019601684FF0010A41F00201016075
:1042D00001684FF0030B01F0020101910199019671
:1042E00001684FF0050841F00101016000682946AE
:1042F00000F00100019001981820029007F5544049
:10430000CDF80C90CDF810A0CDF814B0CDF81880F1
:10431000FDF78EFF802002A981E8010ECDF81880FC
:1043200046F2404807F550402946C4F20208FDF71E
:104330007FFF41F6B465C2F200054FF440304FF004
:10434000C0674FF48069C5E908062846C5E90087BB
:10435000C5E90266C5E90496C5E90666FDF716FEDD
:10436000002818BFFCF70AFFE564AC6341F614753A
:1043700008F11800C2F200054021C5E9000705F167
:104380000800002280E806024FF40030C5E9080268
:104390002846C5E90522EA61FDF7F8FD002818BFA7
:1043A000FCF7ECFEA564AC6307B0BDE8F08F00003D
:1043B0002DE9F04383B01E4615460F460446FEF72E
:1043C00013F894F851108146012909D1002F4FF0BC
:1043D000010018BF002D0FD103B0BDE8F08300BF6E
:1043E0006068B0F5827F0DD104294FF00200F3D14F
:1043F000A1680029EAD0EFE7002EEDD094F8500034
:10440000012803D1022003B0BDE8F083012084F825
:10441000500094F85100002104281CBF052084F8A6
:1044200051006165A563E687A6872763E686206855
:10443000A686216461640168490603D4016841F0DD
:10444000400101606168731EE268B1FA81F1B3FA5C
:1044500083F3DDF8288049095B09B2F5006F41EA72
:10446000030165D131B137F8021BC1602763E08ECB
:104470000138E086012518F1010032D102E000BFC9
:10448000FDF7B2FFE08E18B9E08F002800F0B88089
:104490002068816889070CD5E18E51B1012D08D1C2
:1044A000216B002531F8022BC2602163E18E0139B6
:1044B000E1868168C907E3D0E18F0029E0D0C068B8
:1044C000A16B012521F8020BA163E08F0138E08781
:1044D000D6E700BFFDF788FFA0EB0900404580F05C
:1044E000A580E08E18B9E08F002800F08980206850
:1044F000816889070CD5E18E51B1012D08D1216B5E
:10450000002531F8022BC2602163E18E0139E1867A
:104510008168C907DED0E18F0029DBD0C068A16BBC
:10452000012521F8020BA163E08F0138E087D1E774
:1045300039B139780173206B01302063E08E013886
:10454000E086012518F1010032D101E0FDF74CFFB2
:10455000E08E10B9E08F002852D02068816889076A
:104560000ED5E18E61B1012D0AD1216B00250978AC
:104570000173216B206801312163E18E0139E186ED
:104580008168C907E2D0E18F0029DFD0C068A16B44
:1045900001250870A06B0130A063E08F0138E0872F
:1045A000D4E700BFFDF720FFA0EB090040453DD256
:1045B000E08E08B9E08F18B32068816889070ED5AE
:1045C000E18E61B1012D0AD1216B002509780173BB
:1045D000216B206801312163E18E0139E186816818
:1045E000C907DFD0E18F0029DCD0C068A16B0125AD
:1045F0000870A06B0130A063E08F0138E087D1E73D
:104600002046022101224346CDF8009002F040FEF0
:10461000B0B1606D40F02000606520206065002032
:1046200084F85000012003B0BDE8F083012084F835
:104630005100002084F85000032003B0BDE8F0834F
:1046400040F2F000C2F20000006849F68171C1F248
:104650005E61A0FB0101480D4FF47A71484302905E
:104660006068B0F5827F0BD120468021002243464E
:10467000CDF8009002F00CFE0028CAD121E000BF66
:104680000298F0B10298013802902068816809060A
:1046900017D50299A9B102990139029181680906D9
:1046A0000FD5029969B10299013902918168090611
:1046B00007D5029929B10299013902918068000653
:1046C000DED4A06838B9002001902068C16801914B
:1046D000806801900198012084F85100002084F83E
:1046E0005000606D002818BF012003B0BDE8F083C2
:1046F000704700007047000090F83C20012A4FF0FE
:10470000020254D010B580F83D200268D2F804E0CF
:10471000D2F808C00C682EF07003234341F2FF74F6
:10472000C4F20004A24253600EDC40F2FF73C4F2F4
:1047300000039A4216DCB2F1804F2BD040F20043C6
:10474000C4F2000324E000BF40F2FF33C4F20103CF
:104750009A4213DC41F60003C4F200039A4219D0D6
:10476000002313E040F60003C4F200039A4211D084
:1047700040F60043C4F200030AE000BF44F2000325
:10478000C4F201039A4205D040F20043C4F201038F
:104790009A4204D149682CF08003194391600121A9
:1047A000002280F83D1080F83C20BDE81040104603
:1047B00070470000002804BF0120704710B5044670
:1047C00090F83D0028B9002084F83C00204600F015
:1047D0001FF8022084F83D002068211D02F086FEAB
:1047E000012084F8460084F83E0084F83F0084F8F5
:1047F000400084F8410084F8420084F8430084F8C3
:10480000440084F8450084F83D00002010BD0000FD
:1048100082B0006844F20041C4F20101884217D01E
:1048200040F60041C4F20001884220D100200190EE
:1048300043F64000C4F20200016841F00801016043
:10484000006800F008000190019802B0704700BFB6
:104850000020009043F64000C4F20200416841F499
:1048600000314160406800F400300090009802B0D0
:104870007047000090F83D1001291CBF01207047CF
:10488000022180F83D10006841F2FF72C168C4F255
:104890000002904241F00101C1600DDC40F2FF7165
:1048A000C4F20001884215DCB0F1804F2AD040F2FA
:1048B0000041C4F2000123E040F2FF31C4F20101E3
:1048C000884213DC41F60001C4F20001884219D08D
:1048D000002113E040F60001C4F20001884211D02B
:1048E00040F60041C4F200010AE000BF44F20001BA
:1048F000C4F20101884205D040F20041C4F2010136
:10490000884206D1816801F00701062904BF002012
:104910007047016841F0010101600020704700000C
:1049200090F83C20012A4FF002026CD080B580F84C
:104930003D20D0F800C04FF67772DCF8083023EA4B
:104940000202CCF808200B684F2B29DC1F2B45DD19
:10495000202B46D0302B44D0402B40F0AF80D1F8F4
:1049600004E0C968DCF82030DCF8202022F00102E5
:10497000CCF82020DCF8182022F0F00242EA0111E5
:1049800023F00A0242EA0E02CCF81810CCF82020DC
:10499000DCF8081041F0470121F0300128E000BFA9
:1049A0006F2B33DDB3F5005F74D0B3F5805F21D09A
:1049B000702B40F08380D1E901E3C968DCF808205E
:1049C00043EA0E0322F47F4243EA01211143CCF86B
:1049D0000810DCF8081041F0770109E00BB1102B4A
:1049E0006CD1DCF8081021F07001194341F0070187
:1049F000CCF808100022012180F83D10002180F839
:104A00003C10BDE880401046704700BF502B21D0BD
:104A1000602B53D1D1F804E0C968DCF82030DCF811
:104A2000202022F01002CCF82020DCF8182022F4FC
:104A3000704242EA013123F0A00242EA0E12CCF8A1
:104A40001810CCF82020DCF8081041F0670121F0A4
:104A50001001CDE7D1F804E0C968DCF82030DCF8BB
:104A6000202022F00102CCF82020DCF8182022F0CF
:104A7000F00242EA011123F00A0242EA0E02CCF8E7
:104A80001810CCF82020DCF8081041F0570121F074
:104A90002001ADE7D1E901E3C968DCF8082043EA69
:104AA0000E0322F47F4243EA01211143CCF808109F
:104AB000DCF8081041F480419AE700BF01229AE730
:104AC0007047000070B504460068C5680669B10704
:104AD00016D515F0020113D06FF00201016101211A
:104AE00021778069800703D02046FFF7E9FF05E0C2
:104AF000204600F069F9204600F0D8FA002020771F
:104B0000700719D515F0040016D020686FF0040165
:104B1000016102212177806910F4407F04D0204692
:104B2000FFF7CEFF06E000BF204600F04DF920461B
:104B300000F0BCFA00202077300717D515F00800E8
:104B400014D020686FF00801016104212177C06949
:104B5000800703D02046FFF7B3FF05E0204600F0B2
:104B600033F9204600F0A2FA00202077F00619D58C
:104B700015F0100016D020686FF0100101610821B7
:104B80002177C06910F4407F04D02046FFF798FFDA
:104B900006E000BF204600F017F9204600F086FA34
:104BA00000202077F00718BF15F0010002D1300671
:104BB00009D412E020686FF001010161204600F085
:104BC00077FA300609D515F0800006D020686FF01E
:104BD000800101612046FFF78BFD700609D515F0B5
:104BE000400006D020686FF040010161204600F0CF
:104BF00067FAB00658BF70BD15F0200008D02168D4
:104C00006FF0200220460A61BDE87040FFF772BDD8
:104C100070BD000090F83C30012B04BF02207047AB
:104C20004FEAB202032A00F2C980F0B5DFE802F0D1
:104C3000028A3264026840F20045136A166A23F061
:104C4000020326F001061662D2F804E0D2F818C07A
:104C50008E6842F48064C4F20105AC4243EA060364
:104C600005D1CE6823F00C0326F0040633430E680A
:104C7000AC4206D1D1E905472EF44075254345EAFB
:104C8000070E2CF073073743C2F804E097614968B8
:104C9000516389E0026840F20045136A176A23F401
:104CA000007327F480771762D2F804E0D2F81CC0B2
:104CB0008E6842F48064C4F20105AC4243EA0623E4
:104CC00007D1CE6840F2FF47360223F44063BE436B
:104CD00033430E68AC4206D1D1E905452EF4405766
:104CE000254347EA051E2CF073073743C2F804E05A
:104CF000D7614968D16357E0026840F20047D2F8B3
:104D000020E0136A42F4806623F4805313625368F0
:104D1000D4690D68D1F808C0C4F20107BE4204D1BD
:104D20004E6923F4804343EA861324F4E64646EAB8
:104D300005265360D66149682EF4005747EA0C33C4
:104D4000116431E0026840F20045136A176A23F0EB
:104D5000200327F010071762D2F804E0D2F818C039
:104D60008E6842F48064C4F20105AC4243EA061343
:104D700007D1CE686FF0400723F0C00307EA06169C
:104D800033430E68AC4206D1D1E905452EF44067A5
:104D9000254347EA850E2CF4E64747EA0627C2F882
:104DA00004E097614968916300211362BDE8F04017
:104DB000002280F83C200846704700BF01210022F5
:104DC00080F83C200846704770470000002804BF68
:104DD0000120704710B5044690F83D0028B9002026
:104DE00084F83C00204600F01FF8022084F83D00C3
:104DF0002068211D02F07AFB012084F8460084F827
:104E00003E0084F83F0084F8400084F8410084F8B4
:104E1000420084F8430084F8440084F8450084F894
:104E20003D00002010BD00007047000090F83C30AD
:104E3000012B04BF022070474FEAB202032A00F29E
:104E4000FF802DE9F043DFE802F003B13F7F00BFB0
:104E5000036840F200461C6A1A6A24F0020422F039
:104E600001021A621A46D3F804C052F818EF8F688C
:104E700043F48065C4F20106B54244EA070405D153
:104E8000CF6824F00C0427F004073C430F68B542B8
:104E900006D1D1E905582CF440762E4346EA080C99
:104EA0002EF073063743C3F804C09F614F68096949
:104EB0005F631C629F6947F008079F619F6927F045
:104EC00004079F61B1E000BF036840F200481C6A1C
:104ED0001A6A24F4007422F480721A621A46D3F813
:104EE00004C052F81CEF8F6843F48065C4F20108D7
:104EF000454544EA072408D1CF6840F2FF463F0207
:104F000024F4406427EA06063443D1F8009045456E
:104F100006D1D1E905562CF440572E4347EA061C2A
:104F20002EF0730747EA0907C3F804C0DF614F6832
:104F30000969DF631C62DF6947F00807DF61DF6929
:104F400027F00407DF6170E0036840F20045D3F802
:104F500020C01A6A43F4806722F480521A621A460B
:104F60005C6852F81C8FD1F800E08E68C4F201052D
:104F7000AF4204D14D6924F4804444EA85142CF4F2
:104F8000005747EA063728F4E64646EA0E265C60F4
:104F9000DE614E6809691E641F62DF6947F40067BD
:104FA000DF61DF6927F48067DF613DE0036840F27D
:104FB00000481C6A1A6A24F0200422F010021A62C7
:104FC0001A46D3F804C052F818EF8F6843F480658E
:104FD000C4F20108454544EA071407D1CF686FF0D1
:104FE000400624F0C00406EA07163443D1F80090C6
:104FF000454506D1D1E905562CF440672E4347EAD2
:10500000860C2EF4E64747EA0927C3F804C09F61DF
:105010004F6809699F631C629F6947F400679F613D
:105020009F6927F480679F61090213681943116023
:105030000021BDE8F043002280F83C20084670477C
:105040000121002280F83C2008467047002804BF58
:105050000120704710B5044690F83D0028B90020A3
:1050600084F83C00204600F01FF8022084F83D0040
:105070002068211D02F03AFA012084F8460084F8E5
:105080003E0084F83F0084F8400084F8410084F832
:10509000420084F8430084F8440084F8450084F812
:1050A0003D00002010BD0000704700007047000068
:1050B0000068B0F1804F18BF7047FDF781BC000059
:1050C00070470000FEE700002DE9F04782B004467B
:1050D00000689A460B9D0A9E0368914643F48062DD
:1050E000026002680F4642F48071016020464FF072
:1050F000011100223346009500F032F950B12068CA
:105100000068C00544BF4FF400702064032002B063
:10511000BDE8F08740F202082068C0F2010807F0FD
:10512000FE0707612046414632462B4600F0FEF955
:1051300020B1012002B0BDE8F08700BF002001903F
:1051400020682A46416901918069314601900198A1
:10515000204600F09FFAB0B92068BAF1010F09D0DB
:105160004FEA19210161204631462A4600F092FAA1
:1051700048B920685FFA89F10161204631462A4624
:1051800000F088FA60B1206C0428D2D12068016850
:1051900041F400710160012002B0BDE8F08700BF5A
:1051A000206800220168334641F480710160204686
:1051B0004FF00111009500F0D3F800289FD147F07F
:1051C000010C27682046414632462B46C7F810C0DE
:1051D00002B0BDE8F04700F0A9B900002DE9F043A6
:1051E00083B0044600680F4601680A9D0B9E41F497
:1051F000807199469046016020464FF001110022CF
:105200002B46009600F0ACF850B120680068C0054D
:1052100044BF4FF400702064032003B0BDE8F08366
:10522000206807F0FE0101610221C0F20101204661
:105230002A46334600F07AF920B1012003B0BDE8D8
:10524000F08300BF0020029020683246416902913D
:105250008069294602900298204600F01BFA58B156
:10526000206C0428E9D12068016841F400710160D4
:10527000012003B0BDE8F0832068B9F1010F0AD026
:105280004FEA1821016120462946324600F002FA11
:105290000028E5D120685FFA88F10161002003B0A1
:1052A000BDE8F08370B50368044653F8140F400757
:1052B00011D40E46481C29D086BB00BF1868400593
:1052C00027D4FDF791F8236853F8140F400737D51A
:1052D00018684007F2D5002070BD00BF186840076D
:1052E000F9D41868400514D418684007F3D4186836
:1052F00040050ED418684007EDD41868400508D45E
:10530000186840074FF0000048BF70BD186840059E
:10531000E4D56FF480601860042012E0154603E0C5
:1053200053F8140F4007D6D418684005F1D4FDF7A0
:105330005BF8401B2368B042F2D958694007EFD4AC
:10534000202000212022216384F83D2084F83E1093
:10535000226C10432064012084F83C1070BD0000D2
:105360002DE9F041054600681E46144601F47F020F
:1053700001338FB242D0DDF81880B2F5803F40F0A3
:10538000878040693840C01BB0FA80F040098442F1
:1053900040F0C8804EB924E040693840C01BB0FAE4
:1053A00080F04009844240F0BD80FDF71DF8A0EB7D
:1053B00008012868B142EFD941693940C91BB1FAE7
:1053C00081F149098C42E7D19BE000BF4069384038
:1053D000C01BB0FA80F0400984424FF0000040F05A
:1053E000A280FDF701F8286841693940C91BB1FA6C
:1053F00081F149098C42E9D183E000BFB2F5803FD9
:1054000024D100BF41693940C91BB1FA81F1490972
:105410008C4240F0878041693940C91BB1FA81F163
:1054200049098C4240F07E8041693940C91BB1FA7C
:1054300081F149098C4275D141693940C91BB1FAE2
:1054400081F149098C42DDD06CE000BF81693940AF
:10545000C91BB1FA81F149098C4263D18169394094
:10546000C91BB1FA81F149098C425BD1816939408C
:10547000C91BB1FA81F149098C4253D18169394084
:10548000C91BB1FA81F149098C42DFD04AE000BF63
:1054900080693840C01BB0FA80F04009844241D195
:1054A00046B923E080693840C01BB0FA80F040095B
:1054B000844237D1FCF798FFA0EB08012868B1427D
:1054C000F0D981693940C91BB1FA81F149098C428F
:1054D000E8D116E080693840C01BB0FA80F040097E
:1054E00084424FF0000018BFBDE8F081FCF77CFF5C
:1054F000286881693940C91BB1FA81F149098C4298
:10550000E8D100202021286385F83D1085F83E0071
:10551000296C41F02001296485F83C000120BDE898
:10552000F08100BF0020BDE8F0810000F0B581B03F
:10553000044600681D4643698FB203EA0701B94279
:1055400002D1002001B0F0BD4169164601323CD0C5
:10555000490512D47EB300BFFCF746FF411B20680B
:10556000B14203D941693940B9422BD1416939402F
:10557000B942E6D041694905EED5016841F40071B0
:1055800001606FF4806141610420002120222163C9
:1055900084F83D2084F83E10226C1043206484F887
:1055A0003C10012001B0F0BD41693940B942C8D07A
:1055B00041694905E1D4FCF717FF2068416939408A
:1055C000B942F1D02020E0E741694905D5D44169CD
:1055D0003940B942B5D041694905CED44169394015
:1055E000B942AED041694905C7D441693940B94291
:1055F000A7D041694905C0D441693940B942E3D1D6
:105600009FE7000070B504460068154650F8143F47
:105610005A063DD40E4629B926E000BF50F8141FA3
:10562000490635D40168C90621D4FCF7DDFE411BCB
:105630002068B142F2D941694906EFD40020202107
:10564000206384F83D1084F83E00206C40F0200078
:1056500018E000BFFCF7C8FE206850F8141F490688
:10566000ECD50168490613D40168C906F2D56FF07C
:105670001001016000202021206384F83D1084F88F
:105680003E00206C2064002084F83C00012070BDA6
:10569000002070BD70B50368044653F8140F00066F
:1056A00011D40E46481C29D086BB00BF186840059F
:1056B00027D4FCF799FE236853F8140F000637D55A
:1056C00018680006F2D5002070BD00BF18680006FB
:1056D000F9D41868400514D418680006F3D4186883
:1056E00040050ED418680006EDD41868400508D4AB
:1056F000186800064FF0000048BF70BD18684005EC
:10570000E4D56FF480601860042012E0154603E0D1
:1057100053F8140F0006D6D418684005F1D4FCF7EE
:1057200063FE401B2368B042F2D958690006EFD4EB
:10573000202000212022216384F83D2084F83E109F
:10574000226C10432064012084F83C1070BD0000DE
:1057500088B0072005F00AFF40F2044BC2F2000BAC
:105760009BF8060001308BF80600FBF785F850B176
:10577000642005F0FBFEFBF77FF80028F8D102E07B
:10578000642005F0F3FE05F067FE0028F8D140F232
:10579000D845C2F2000505F11400291D05F11002DB
:1057A0000490CDE90221FBF77FF805F081FC42F27D
:1057B000DC5040F288029FED3F0ADFED3F0AC2F263
:1057C0000000C0F60102002100F0B2FE40F27C476A
:1057D000C2F2000707F13C040BF16C090BF13C012C
:1057E00020464A4607F0A0FE9BED0F0A9BED101ADB
:1057F0009BED112A002087ED000A87ED011A87ED45
:10580000022A8BED040A8BED051A8BED062A05F0B2
:10581000E9FE06F0DFFDCBF81C0042F2AC40C2F21C
:1058200000001021C161FEF7CFFC002818BFFBF774
:10583000A5FC40F22006C2F20006301D0BF1280143
:10584000082201F08BFC01208BF804004CF64D106F
:10585000C3F6DF304EF2FB1146F6742205F1380331
:10586000CBF67721CBF6D22207C30BF14800079085
:105870000BF1500040F2C4189FEDF1AA9FEDF1BA70
:105880009FEDF1CA9FEDF18A06900BF14C009FED60
:10589000F0DA9FEDF0EA9FEDE89A9FEDE8FA0BF160
:1058A000600AC2F2000805900BF1220001900094FA
:1058B00030E100BF00A08C450080894541F287306F
:1058C00005F07CFDD5ED050AD5ED061AD6ED062AC4
:1058D000D6ED073A95ED077AD6ED084A61EEA33A80
:1058E00060EEA22A72EEA32A67EE243A95ED015AE1
:1058F00095ED026AD6ED0F5A73EEA22AD6ED103A54
:1059000095ED034AD6ED114ACBED182A66EE232A0F
:1059100065EE253A97ED093A73EEA22A64EE243A31
:1059200073EEA22A97ED141A97ED152A33EE223A58
:10593000D8ED002AD8ED013A97ED160AD8ED024AC3
:1059400062EE233A61EE222A72EEA32A60EE243A36
:10595000D7ED0C4A73EEA22A74EEA22ACBED1B2AD5
:10596000D6ED092AD6ED0A3AD6ED0B4A61EEA33AF6
:1059700060EEA22A72EEA32A67EE244AD6ED123A0E
:1059800074EEA22AD6ED134ACBED192A66EE242A2C
:1059900065EE233A73EEA22AD6ED143AD8ED035AF7
:1059A00064EE233AD7ED0A4A73EEA22AD8ED043A00
:1059B00074EEA22A62EE233A61EE254A74EEA33A0F
:1059C000D8ED054AD7ED0D5A60EE244A74EEA33A9D
:1059D00075EEA33ACBED1C3AD6ED0D3AD6ED0C4A56
:1059E00061EEA31AD6ED0E3A60EEA40A70EEA10A9B
:1059F00027EE237A37EE207A8BED1A7A96ED167A17
:105A0000D6ED150A26EE076A96ED177A25EE205A8E
:105A100035EE065A24EE074A97ED0B6A34EE054A36
:105A200098ED075A36EE044A98ED066A22EE052AEA
:105A300098ED085A21EE061A31EE021A20EE050AF8
:105A400097ED0E2A30EE010A32EE000A8BED1D0AA8
:105A500097ED000A9BED041A8BED040A21EE0A1A59
:105A600020EE0B0A30EE010A23EE0C1A31EE000A8A
:105A700087ED000A97ED010A9BED051A8BED050AEB
:105A800021EE0A1A20EE0B0A30EE010A22EE8C1AE1
:105A900031EE000A87ED010A97ED020A9BED061A26
:105AA0008BED060A21EE0A1A20EE0B0A30EE010AEF
:105AB00024EE0C1A31EE000A87ED020A2046B0EE01
:105AC000480A51463A464B468BED0F3ACBED102A29
:105AD0008BED114A07F076FE0799DDE90532204685
:105AE00008F0F8FC9BED120A9BED131A9BED142AAB
:105AF00020EE0D0A21EE0D1A22EE0D2A80EE0E0A7E
:105B000081EE0E1A82EE0E2A8BED150A8BED161A17
:105B10008BED172A01204FF0FF3106F02DF80128F8
:105B2000F8D19BF80000400721D59BF8000000F059
:105B3000FB01584600F8291B0499FAF775FE95ED0C
:105B4000050A95ED061A95ED072A95ED0E3A95EDA5
:105B50000F4A95ED105A30EE430A31EE441A32EEF8
:105B6000452A85ED050A85ED061A85ED072A9BF87D
:105B7000010040070CD59BF8010005F1200200F060
:105B8000FB008BF8010003990BF13200FAF70CFED1
:105B90009BF8020040077FF595AE9BF8020000F0ED
:105BA000FB008BF80200DDE90101FAF763FF9BF8C7
:105BB000080095ED040A012822D15446CA4642F253
:105BC000DC59C2F200094846F0EE490A00F0FAFB3F
:105BD00099ED080AB5EE400AF1EE10FA07DA42F242
:105BE000DC50C2F200000021B0EE4F0A0162BDEEAF
:105BF000C00AD146A246009C10EE100A60E600BF23
:105C0000B4EE490AF1EE10FA7FF758AE9BF80700A0
:105C10000130C1B2C9298BF80700FFF44FAE012053
:105C20008BF8080042F2DC5044F20001C2F200009E
:105C3000C4F21C51816241E60000344200000000C1
:105C40005D896EBF5AF8F63FD5A9183B6F12833AAB
:105C500000003443DB0F4940B0B584B041F61C600E
:105C600042F2002101230024C2F20000C4F201012B
:105C7000C0F60073012503944FF48032047680F857
:105C80002040C0E90A34C56180F8304080E8160041
:105C9000C0E903444561FBF713FB002818BFFBF77D
:105CA0006DFA0820CDE9000541F61C60C2F2000043
:105CB00069460294FBF766FA002818BFFBF75EFA04
:105CC00004B0B0BD80B541F6646046F20041C2F256
:105CD0000000C4F200010322002380E80E0000F15E
:105CE0000C014FF4102C4FF4001E81E80850836122
:105CF0008383FBF76FFE002808BF80BDBDE88040AE
:105D0000FBF73CBA80B541F68C6046F60001C2F262
:105D10000000C4F200010322002380E80E0000F11D
:105D20000C014FF4102C4FF4001E81E808508361E1
:105D30008383FBF74FFE002808BF80BDBDE880408D
:105D4000FBF71CBA80B582B00020019043F630000A
:105D5000C4F202000168002241F480010160006881
:105D6000052100F48000019001983A20FCF7DEFE46
:105D70003A20FCF7C9FE3B2005210022FCF7D6FEA5
:105D80003B2002B0BDE88040FCF7BEBE70B59CB0C1
:105D900025480DF1580E159023A000F1040C9CE845
:105DA0001E1080698EE81E101B9015A8002105F0BA
:105DB000EBFB40F25026C2F200062249306021A0DF
:105DC000051D0E913ECD80690DF13C0C8CE83E0026
:105DD00014900EA8002105F0D7FB2149706020A087
:105DE000051D07912ECDD0E905400DF1200C8CE862
:105DF0002E00CDE90C4007A8002105F0C5FB1F4986
:105E0000B0601EA0051D00912ECDD0E905400DF11A
:105E1000040C8CE82E00CDE905406846002105F011
:105E2000B3FBF0601CB070BDA9000108E573000869
:105E300000000000000000008000000000000000E2
:105E400000000000A00001085157000803000000F6
:105E500000000000800000000000000000000000C2
:105E6000BE000108297600080000000000000000C4
:105E7000800000000000000000000000B5000108E4
:105E800061A30008FDFF000000000000800000008A
:105E900000000000000000002DE9F04F87B0002551
:105EA00043F630000695CDE90455CDE9025501953C
:105EB000C4F20200016840F2000941F002010160F1
:105EC0000168C4F2020901F00201019101990195F2
:105ED000016809F5C05741F0010101600168002225
:105EE00001F001010191019901950168402641F0FD
:105EF00008010160016801F0080101910199019513
:105F0000016841F004010160016801F004010191A0
:105F100001990195016841F080010160016801F07B
:105F20008001019101990195016841F040010160F2
:105F3000016801F04001019101990195016841F06A
:105F4000200101600068402100F0200001900198CC
:105F50003846FCF743FA4846102101224FF0100A58
:105F60000124FCF73BFA09F5806840460121012233
:105F7000FCF734FACDE9026402AE38463146CDE989
:105F80000455FCF755F9082002904FF4881B384659
:105F90003146CDE903B5FCF74BF948463146CDE92A
:105FA000024B0494FCF744F9022548463146CDE9FA
:105FB00002A404940595FCF73BF93020CDE9020BCF
:105FC00009F5006031460494FCF732F94046314649
:105FD000CDE90244CDE90445FCF72AF90620052164
:105FE0000022FCF7A3FD0620FCF78EFD0920052109
:105FF0000022FCF79BFD0920FCF786FD0A20052105
:106000000022FCF793FD0A20FCF77EFD17200521F6
:106010000022FCF78BFD1720FCF776FD07B0BDE8EA
:10602000F08F000080B541F6747045F60041C2F271
:106030000000C4F2000141F6802200234FF4804C9E
:10604000C0F2060280E80E00C0E9033CC0E9053357
:10605000C0E90733FCF7CEF9002808BF80BDBDE8D2
:106060008040FBF78BB80000B0B542F2AC4043F281
:106070000001C2F20000C4F201014FF48272002359
:1060800080E80E0000F10C014FF0020C4FF0010E01
:106090004FF40074382581E808500A21C0E906450C
:1060A000C0E90833C0E90A31FEF78EF8002808BFBE
:1060B000B0BDBDE8B040FBF761B8000070B58EB070
:1060C00044F2004542F20450C4F201050021C2F23C
:1060D00000004FF6FF72CDE90611CDE90411C0E9C9
:1060E0000051C0E9021201618161FEF763FB0028E3
:1060F00018BFFBF743F842F20450C2F20000FEF76B
:1061000065FE002818BFFBF739F842F20454C2F2CA
:106110000004002601A920460022CDE9016603966D
:106120000596FEF777FD002818BFFBF727F82068D3
:106130000D96A842CDE90B660A9609961AD040F64C
:106140000041C4F20001884231D10020089043F69A
:106150003000C4F2020001684FF4E05241F08001C7
:1061600001600068022100F080000890089805F5A1
:10617000584012E00020089043F63000C4F20200BC
:106180000168402241F0200101600068032100F015
:1061900020000890089805F550400992022201233A
:1061A0000D9109A90A92CDE90B32FCF741F80EB026
:1061B00070BD000070B594B040F6004542F29450B6
:1061C000C4F200050021C2F200004FF6FF720D91EB
:1061D000CDE90B110991CDE90711CDE90511CDE903
:1061E0000311CDE90111C0E90051C0E902120161BA
:1061F0008161FEF7DFFA002818BFFAF7BFFF4FF4FE
:1062000080500A9042F29450C2F200000AA9FEF7B0
:1062100087FB002818BFFAF7B1FF42F29450C2F290
:106220000000FEF713FF002818BFFAF7A7FF42F29D
:106230009450C2F20000FEF7C9FD002818BFFAF71B
:106240009DFF42F294500024C2F2000008A9CDE95B
:106250000844FEF751FA002818BFFAF78FFF6020B4
:10626000CDE9010442F29450C2F2000001A90022DB
:1062700003940594FEF7DAFD002818BFFAF77EFFB5
:1062800042F29450C2F2000001A90422FEF7CEFDB2
:10629000002818BFFAF772FF42F29454C2F20004C9
:1062A000002601A9204608220196FEF7B3FC00282B
:1062B00018BFFAF763FF206844F20041C4F20101FD
:1062C00088421396CDE91166CDE90F6616D0A84233
:1062D00031D100200E9043F63000C4F20200016874
:1062E0004FF4E05241F0800101600068022100F0AB
:1062F00080000E900E9805F5043012E000200E90FC
:1063000043F63000C4F202000168402241F020014F
:1063100001600068032100F020000E900E9805F542
:1063200002300F920222012313910FA91092CDE99E
:106330001132FBF77DFF14B070BD000080B541F64F
:10634000403040F2D401C2F20000C2F2000100224B
:1063500002F0FCF8002818BFFAF710FF41F64030B1
:1063600040F2F401C2F20000C2F2000102F060FB50
:10637000002818BFFAF702FF41F6403040F29011B2
:10638000C2F20000C2F2000101F0EAFD002818BFCD
:10639000FAF7F4FE41F64030C2F2000002F072FB60
:1063A000002808BF80BDBDE88040FAF7E7BE0000C6
:1063B000FEE70000FEE7000041F6C870C2F20000F0
:1063C000FCF790BD00284FD0017890ED0F1A90EDAA
:1063D000102A80ED070A30EEC00A0029C0ED060A37
:1063E00080ED0F0A80ED101A80ED112A40D00129AE
:1063F00040F0948090ED015A90ED026A30EE414AEF
:1064000031EE011A90ED037A24EE054A20EE065A89
:1064100030EE410A32EE000AD0E90C2180ED0C0A80
:1064200020EE070A34EE051A90ED082A90ED043AA2
:1064300080ED0B0A31EE000A32EE000AB4EE430A98
:10644000F1EE10FA80ED094A80ED0A5AC0E90D21FB
:1064500080ED080AC2BF80ED083AB0EE430A7047EB
:10646000B1EE431A4FE000BF9FED2E0A704700BF08
:1064700090ED024A90ED012A90ED0A6A24EE004A5E
:1064800020EE022A34EE064A90ED0C6A30EE410A04
:106490009FED251A416B80ED0D6A26EE011A9FEDE6
:1064A000236A90ED053A90ED035A20EE060A30EE8D
:1064B000010AB4EE434A80ED0C0A20EE050AF1EE23
:1064C00010FA80ED092A80ED0A4A816380ED0B0AFB
:1064D00006DCB1EE433AB4EE434AF1EE10FA03DAC9
:1064E000B0EE434A80ED0A3A32EE042A90ED041AE7
:1064F00030EE020AB4EE410AF1EE10FA80ED080A1D
:1065000007DCB1EE411AB4EE410AF1EE10FAA8BF71
:106510007047B0EE410A80ED081A704790ED080A06
:10652000704700BF0000000052B87E3F0AD7A33B6F
:10653000002818BF002A01D1704700BF80B513683A
:1065400001704360536828218360926880ED040ADB
:10655000C260C0ED050A2030F9F7D9FF80BD000008
:10656000EFF30980BFF36F8F154B1A681EF0100F01
:1065700008BF20ED108A20E9F04F10602DE90900D6
:106580004FF0500080F31188BFF34F8FBFF36F8F30
:1065900005F0B8FD4FF0000080F31188BDE8090058
:1065A00019680868B0E8F04F1EF0100F08BFB0EC93
:1065B000108A80F30988BFF36F8F704700BF00BF58
:1065C000600200202DE9F04F81B041F6B463C2F2C1
:1065D0000003D3F800C08946DCF8003023F0010343
:1065E000CCF8003041F61473C2F200031B681F6838
:1065F00027F001071F60DCF8007007E0DCF800708E
:1066000027F00107CCF80070DCF80070FF071FBF0F
:10661000DCF8007027F00107CCF80070DCF800709F
:1066200018BF5FEAC77715D0DCF8007027F00107C4
:10663000CCF80070DCF80070FF071FBFDCF80070BA
:1066400027F00107CCF80070DCF8007018BF5FEA93
:10665000C777D3D11F68FF071FBF1F6827F0010747
:106660001F601F6818BF5FEAC77715D01F6827F043
:1066700001071F601F68FF071FBF1F6827F0010782
:106680001F601F6818BF5FEAC77705D01F6827F033
:1066900001071F60DEE700BF42F2AC4BC2F2000B05
:1066A000DBF84C5046F20C44C4F202042E6846F269
:1066B000080E04F14C0846F28841C4F2020E464529
:1066C000C4F2020114D98E4200F0A28046F2704555
:1066D000C4F20205AE4240F0D3802025256010258B
:1066E0002560082525600425256001259DE000BF63
:1066F0000EF1B005AE42009064D946F2104A4F4602
:10670000C4F2020A46F228495645C4F2020900F0D2
:10671000BD824E4500F01E8146F24045C4F202059E
:10672000AE420CBF4FF400154FF000655645CEF851
:10673000005400F016814E4500F01A8146F24045A3
:10674000C4F20205AE420CBF4FF480154FF08065D5
:106750005645CEF8005400F012814E4500F01681E7
:1067600046F24045C4F20205AE420CBF4FF400258C
:106770004FF000755645CEF8005400F00E814E459E
:1067800000F0128146F24045C4F20205AE420CBF51
:106790004FF480254FF080755645CEF8005400F038
:1067A0000A8100984E4500F0098146F24045C4F246
:1067B0000205AE42B9460CBF4FF480354FF4800558
:1067C000FEE000BF0EF1500A46F2100746F27000DC
:1067D0005645C4F20207C4F2020040F2A180054609
:1067E00008463946AE4200F00B8346F28805C4F2F3
:1067F00002054F46AE4200F0598246F2A005C4F2AF
:106800000205AE420CBF4FF400194FF00069FAE2E6
:106810004FF4006525604FF4806525604FF40075E6
:1068200025604FF48075256040252560DBF84850D1
:106830002D68454540F2CC808D4211D046F2704122
:10684000C4F202018D4245D1202121601021216036
:1068500008212160042121600121216000F06BBC2E
:106860004FF4006121604FF4806121604FF40071AA
:1068700021604FF4807121604021216000F05BBCF9
:1068800004F194054FF00067AE4208BF4FF40017C3
:1068900027604FF0806708BF4FF4801727604FF0E4
:1068A0000077AE4208BF4FF4002727604FF0807793
:1068B00008BF4FF4802727604FF48007AE4208BF1F
:1068C0004FF480372760DBF848502D684545B3D832
:1068D0007EE000BF04F194014FF000678D4208BFD5
:1068E0004FF4001727604FF0806708BF4FF4801700
:1068F00027604FF000778D4208BF4FF400272760D4
:106900004FF0807708BF4FF4802727604FF480074F
:106910008D4208BF4FF48037276000F00CBC00BFE9
:10692000BE4200F0F38246F22805C4F20205AE42F0
:1069300000F0C08146F24005C4F20205AE420CBF31
:106940004FF400154FF00065CEF80050564540F268
:10695000B88164E24FF400655645CEF800547FF4E8
:10696000EAAE10255645CEF800547FF4F6AE06E0A8
:106970004FF480655645CEF800547FF4EEAE0825FE
:106980005645CEF800547FF4FAAE06E04FF4007599
:106990005645CEF800547FF4F2AE04255645CEF8A5
:1069A00000547FF4FEAE06E04FF480755645CEF8F5
:1069B00000547FF4F6AE0125009800E04025B9466A
:1069C000CEF80054DBF848502D6845453FF634AF0B
:1069D0000EF1B0018D4273D946F21044C4F20204A4
:1069E000A54200F05B8146F22841C4F202018D42CB
:1069F00000F0128146F24041C4F202018D420CBF08
:106A00004FF400164FF00066A542CEF8006400F087
:106A10000A8146F22841C4F202018D4200F00A8147
:106A200046F24041C4F202018D420CBF4FF4801681
:106A30004FF08066A542CEF8006400F0028146F275
:106A40002841C4F202018D4200F0028146F2404129
:106A5000C4F202018D420CBF4FF400264FF00076C5
:106A6000A542CEF8006400F0FA8046F22841C4F254
:106A700002018D4200F0FA8046F24041C4F2020168
:106A80008D420CBF4FF480264FF08076A542CEF8A1
:106A9000006400F0F28046F22841C4F202018D4207
:106AA00000F0F08046F24041C4F202018D420CBF7A
:106AB0004FF480344FF48004CEF800443BE300BF31
:106AC0000EF15004A54240F28D8046F27001C4F2EE
:106AD00002018D4200F0228246F28801C4F20201D6
:106AE0008D4200F04D8146F2A001C4F202018D42B8
:106AF0000CBF4FF400164FF00066CEF80460A542BC
:106B000000F22E8246F21001C4F202018D4200F022
:106B10000B8246F22801C4F202018D4200F0388156
:106B200046F24001C4F202018D420CBF4FF48016C0
:106B30004FF08066CEF80060A54200F22D8246F24A
:106B40001001C4F202018D4200F0F48146F22801E6
:106B5000C4F202018D4200F0238146F24001C4F2EA
:106B600002018D420CBF4FF400264FF00076CEF8A4
:106B70000060A54200F22C8246F21001C4F202012C
:106B80008D4200F0DD8146F22801C4F202018D42FF
:106B900000F00E8146F24001C4F202018D420CBFAA
:106BA0004FF480264FF08076CEF80060A54200F2C8
:106BB0002B8246F21001C4F202018D4200F0C68120
:106BC00046F22801C4F202018D4200F0F98046F23B
:106BD0004001C4F202018D420CBF4FF480344FF4E7
:106BE0008004B4E146F21001C4F202018D4200F0CB
:106BF000B18146F22801C4F202018D4200F0E28028
:106C000046F24001C4F202018D420CBF4FF400165F
:106C10004FF000669FE100BF4FF40066A542CEF83A
:106C200000647FF4F6AE1026A542CEF800647FF42F
:106C300006AF06E04FF48066A542CEF800647FF40C
:106C4000FEAE0826A542CEF800647FF40EAF06E043
:106C50004FF40076A542CEF800647FF406AF042618
:106C6000A542CEF800647FF416AF06E04FF48076BC
:106C7000A542CEF800647FF40EAF0124CEF80044A4
:106C800059E200BF4024CEF8004454E22025564586
:106C9000CEF800547FF44FAD63E600BF2026A54236
:106CA000CEF800647FF4B5AEBDE700BF4FF40069D5
:106CB000A9E000BF4FF40065CEF80050564500F241
:106CC000AE80BE4200F0D68146F22805C4F202052D
:106CD000AE4200F07B8046F24005C4F20205AE42AF
:106CE0000CBF4FF480154FF08065CEF8005056452C
:106CF00000F2AD80BE4200F0C58146F22805C4F224
:106D00000205AE426AD046F24005C4F20205AE4228
:106D10000CBF4FF400254FF00075CEF800505645DB
:106D200000F2AD80BE4200F0B58146F22805C4F203
:106D30000205AE425AD046F24005C4F20205AE4208
:106D40000CBF4FF480254FF08075CEF800505645AB
:106D500000F2AD800098BE4200F0A48146F2280502
:106D6000C4F20205AE4249D046F24005C4F2020523
:106D7000AE420CBF4FF480354FF4800593E100BF65
:106D80004FF40066CEF80460A5427FF6BBAEE7E0A4
:106D90004FF48066CEF80060A5427FF6D0AEFBE0EF
:106DA0004FF40076CEF80060A5427FF6E5AE0FE125
:106DB0004FF48076CEF80060A5427FF6FAAE23E16C
:106DC0004024C4E04FF40066C5E000BF4FF4806586
:106DD000CEF8005056457FF68DAF38E04FF4007581
:106DE000CEF8005056459DD949E000BF4FF480755C
:106DF000CEF800505645ADD959E000BF402552E1CC
:106E00004F464FF02009CEF80490B9460F46014690
:106E100046F27000C4F2020056457FF652AF864239
:106E200000F04C8146F28805C4F20205AE4253D010
:106E300046F2A005C4F20205AE420CBF4FF4801525
:106E40004FF08065CEF8045056457FF653AF86422A
:106E500000F03C8146F28805C4F20205AE4243D000
:106E600046F2A005C4F20205AE420CBF4FF4002565
:106E70004FF00075CEF8045056457FF653AF86426A
:106E800000F02C8146F28805C4F20205AE4233D0F0
:106E900046F2A005C4F20205AE420CBF4FF48025B5
:106EA0004FF08075CEF8045056457FF653AF8642BA
:106EB000009800F01B8146F28805C4F20205AE423C
:106EC00022D046F2A005C4F20205AE420CBF4FF438
:106ED00080354FF480050AE14FF48065CEF8045008
:106EE00056457FF607AFB2E74FF40075CEF8045071
:106EF00056457FF617AFC2E74FF48075CEF80450C1
:106F000056457FF627AFD2E74025F0E02025CEF8A2
:106F1000005056457FF6D5AE81E700BF2026CEF85B
:106F20000460A5421CD8EDE51026CEF80060A5420D
:106F300032D804E60826CEF80060A54248D81BE601
:106F40000426CEF80060A5425ED832E60124CEF8D1
:106F50000040F0E02026CEF80060A5427FF6D2ADDA
:106F600046F27001C4F202018D4200F0C98046F27F
:106F70008801C4F202018D4260D046F2A001C4F241
:106F800002018D420CBF4FF480164FF08066CEF8A0
:106F90000460A5427FF6D3AD46F27001C4F202014F
:106FA0008D4200F0B58046F28801C4F202018D42A4
:106FB0004CD046F2A001C4F202018D420CBF4FF446
:106FC00000264FF00076CEF80460A5427FF6D4ADDF
:106FD00046F27001C4F202018D4200F0A18046F237
:106FE0008801C4F202018D4238D046F2A001C4F2F9
:106FF00002018D420CBF4FF480264FF08076CEF810
:107000000460A5427FF6D5AD46F27001C4F20201DC
:107010008D4200F08D8046F28801C4F202018D425B
:1070200024D046F2A001C4F202018D420CBF4FF4FD
:1070300080344FF48004CEF804407CE04FF4806646
:10704000CEF80460A5427FF67AADA5E74FF400764E
:10705000CEF80460A5427FF68FADB9E74FF4807695
:10706000CEF80460A5427FF6A4ADCDE74024CEF86B
:10707000044060E01025CEF8005056453FF6E7AEDC
:1070800038E600BF0825CEF8005056453FF6F7AE6B
:1070900048E600BF0425CEF8005056453FF607AF3E
:1070A00058E600BF0125CEF80050DBF848502D68A7
:1070B00045457FF68DACFFF7BFBB00BF1025CEF86E
:1070C000045056457FF616AEC1E600BF0825CEF83F
:1070D000045056457FF626AED1E600BF0425CEF813
:1070E000045056457FF636AEE1E600BF0125CEF8E6
:1070F0000450DBF848502D6845453FF69DAB67E4EA
:107100001026CEF80460A5427FF619AD44E700BF13
:107110000826CEF80460A5427FF62EAD58E700BFE2
:107120000426CEF80460A5427FF643AD6CE700BFAD
:107130000124CEF80440CCF80C90D860CCF80420A0
:107140005A60DCF8000040F00100CCF8000018683C
:1071500040F00100186001B0BDE8F08FF0B542F2D8
:10716000AC43C2F200031B685E6846F002065E6034
:107170005E6846F001065E601E6846F040061E60CE
:1071800041F6B463C2F200031B681E6826F00106D4
:107190001E601E68F60716D01E6826F001061E60E7
:1071A0001E68F6071FBF1E6826F001061E601E68D7
:1071B00018BF5FEAC67606D01E6826F001061E607C
:1071C0001E68F607E1D146F20C4EC4F2020E46F2FA
:1071D000080C0EF14C04C4F2020CA34276460DD802
:1071E0000CF1B005AB4203D90CF5806606E000BF98
:1071F0000CF150056646AB4288BF043643F20C05DD
:10720000C4F201054FF4001737609D60D9605A60E1
:10721000196841F01001196041F61471C2F20001C1
:1072200009680B6823F001030B600B68DB0716D0BD
:107230000B6823F001030B600B68DB071FBF0B68B3
:1072400023F001030B600B6818BF5FEAC37306D01D
:107250000B6823F001030B600B68DB07E1D1A1424F
:107260000DD80CF1B003994202D90CF5806E06E0FE
:107270000CF15003994288BF0CF1040CE6464FF024
:107280000063CEF800308D60C8604A60F0BD000039
:107290002DE9F04381B0089C984615460E4681467C
:1072A000FBF7A2F8201A00EB0804FBF79DF840F268
:1072B000F001C2F200010968C1F3CB3161430091D2
:1072C000D9F800108A683240921BB2FA82F2520951
:1072D000954203D1002001B0BDE8F083074618F1C4
:1072E00001000ED130E000BF009801380090D9F8BD
:1072F000000080683040801BB0FA80F04009854271
:10730000E8D0FBF771F8C01BA04227D200980028F4
:10731000EAD10024EBE700BF88683040801BB0FA58
:1073200080F040098542D5D088683040801BB0FA93
:1073300080F040098542CDD088683040801BB0FA8B
:1073400080F040098542C5D088683040801BB0FA83
:1073500080F040098542DFD1BCE700BFD9E90001D8
:107360004268B1F5827F22F0E00242600BD1D9F889
:107370000810B1F5004F02D0B1F5806F03D101685C
:1073800021F040010160D9F82810B1F5005F07D164
:10739000016821F400510160016841F4005101606D
:1073A000012089F85100002089F85000032001B025
:1073B000BDE8F083000000000000000000000000B5
:1073C000074B19680868B0E8F04F80F30988BFF3ED
:1073D0006F8F4FF0000080F31188704700BF00BF2F
:1073E00060020020FEF7AAFF012004F0BFF8FBE7CF
:1073F00080B54FF0500080F31188BFF36F8FBFF35B
:107400004F8F05F08BFF30B14EF60450CEF20000E6
:107410004FF080510160002080F3118880BD000092
:1074200070B592B006AC20463021F9F770F800250F
:1074300043F640000595CDE90355CDE9015500958A
:10744000C4F202000168022641F080510160006828
:1074500000F080500090009847F200000095C4F2C0
:107460000000016841F480410160006800F4804040
:1074700000900098012006904FF4803007904FF460
:1074800080000D9006200E90A820CDE90F06072061
:10749000119020460C96FCF7C1FC18B172B600BFE3
:1074A000FEE700BF0F20CDE901064FF4A050049085
:1074B0004FF48050059001A805210395FCF78AFB45
:1074C00010B172B6FEE700BF12B070BD4EF6885024
:1074D000CEF20000016841F47001016070470000C5
:1074E00042F24C50C2F20000FDF7ECBAB0B540F6E3
:1074F000FF3E0568C4F2000E40F2004C7045C4F235
:10750000010C25DCB0F1804F2FD040F20043C4F2D3
:107510000003984229D040F60003C4F200039842C9
:1075200023D041F6FF73C4F20003984228DC704573
:107530003ADCB0F1804F5BD040F20043C4F200036C
:10754000984255D040F60003C4F200034EE000BF5D
:1075500040F60043C4F20003984206D0604504D0D0
:107560000023C4F201039842DBD14B6825F070027E
:1075700043EA020541F6FF73C4F200039842D6DDE8
:1075800043F6FF73C4F2010398421FDC42F200038A
:10759000C4F2000398422BD00023C4F201039842A6
:1075A00026D0604524D028E040F60043C4F2000312
:1075B00098421DD041F60003C4F20003984217D050
:1075C00041F60043C4F2000310E000BF44F20003A0
:1075D000C4F2010398420BD044F60003C4F2010345
:1075E000984205D044F20043C4F20103984204D10A
:1075F000CB6825F4407243EA02050A688C684B693F
:10760000C46240F480648262644504BF0969016316
:10761000026825F0800142F0040219430260012251
:1076200042610160B0BD000090B04EF6900A03F0D8
:107630009FFC4FF4FA70FAF75BFDF9F7F3FA4FF499
:10764000FA70FAF755FD0320F9F706FB40F28004C3
:10765000C2F2000404F108078FCFD4E90765D4F81B
:1076600024C0CDE90C60A06A40F264380795C2F2EC
:1076700000080DAD9FEDE50ADFEDE50ACDE90E123C
:10768000CDE908C008F1300000212A46CDE90A37CB
:107690000690FEF74DFF9FEDF38A9FEDF39A42F2BD
:1076A0007460C2F200000AAA0021B0EE480AF0EEAF
:1076B000490AFEF73DFF42F204709FEDEC0AC2F268
:1076C000000000212A46F0EE490AFEF731FF42F29F
:1076D000BC60DFEDE70AC2F2000007AA0021B0EEAD
:1076E000480AFEF725FF9FEDE40B40F24C4957ECAA
:1076F00010BB9FEDE30B9FEDE4AA9FEDE4BA51ECC4
:10770000100B9FEDE3DADFEDE39A9FEDE3EB9FEDE6
:10771000E4FBDFEDE5AADFEDE5BADFEDE5CAC2F295
:107720000009CDE90410AAF5FA70BAEE0ECAF2EE1D
:107730000E8AF3EE04DA0290CDF80CB013E000BF2D
:107740001420FAF7D5FC0020C4F202000121FAF758
:107750003FFE012808BF88F80160002088F800007B
:10776000052004F0ADFB99ED000A99ED018A20EEA9
:107770000A0A10EE100A07F057FE5A463B4607F079
:107780001DF906F0B9FF28EE0A0AC8F8080010EE45
:10779000100A07F049FE5A463B4607F00FF906F07B
:1077A000ABFFC8F80C0040F2D840C2F2000090EDE8
:1077B000050A90ED078A20EE0B0A10EE100A07F07A
:1077C00033FE5A463B4607F0F9F806F095FF28EEDF
:1077D0000B0AC8F8100010EE100A07F025FE5A46F2
:1077E0003B4607F0EBF806F087FFC8F81400D8F81E
:1077F000180007F019FE5A463B4607F0C1FADDE9CA
:10780000043207F0DBF806F077FF98F80210C8F8AA
:107810001C0029B1012920D0022900F0C180C0E15B
:10782000B4F90230B4F90460B4F9065041F664606A
:10783000C2F200004FF400710022CDE9006500257E
:10784000F9F73EF9F9F7D4F93220A8F8065004F018
:1078500037FB98F802100129DED102984EF690010C
:107860002080B8F806006180A180E18030B9F9F786
:10787000D9F9B8F806000130A8F80600D8ED080AD2
:10788000B0EE4C0AF4EE4C0AF1EE10FA06DBF4EE20
:107890006D0AF1EE10FAB0EE6D0A03DDF0EE400A6B
:1078A00088ED080A98ED061AB0EE4D0AB4EE4D1AAE
:1078B000F1EE10FA02DD88ED060A08E0B4EE6C1A6B
:1078C000F1EE10FAB0EE6C0AB8BF88ED060A42F28B
:1078D000746698ED030AC2F200063046FEF772FDA8
:1078E00042F2BC6598ED020AD8ED060AC2F2000524
:1078F0002846FEF767FD286AD6ED080A98ED040AC7
:10790000C8F824000698C8ED0A0AFEF75BFD98ED5A
:10791000050AD8ED090A42F20470C2F20000FEF72F
:1079200051FD98ED140A41F6646A20EE280ABDEE76
:10793000C00AC2F2000A10EE102A002650464FF488
:107940000071002300960196F9F7BAF895ED088AC0
:1079500028EE290A30EE000A10EE100A07F064FD46
:1079600053EC1E2B07F00CFA53EC1F2B07F026F8F4
:1079700006F0C2FEB0EEC81A00EE100AB4EE6A1AA3
:1079800050460221F1EE10FAB8BFB0EE6B0A88ED56
:107990000B0AF9F7BFF898F80210022940F00181AC
:1079A000B8F80400811C88B2A8F8041007F0D5F9D3
:1079B0005AEC1EBB5A46534607F0E2F99FED900B76
:1079C00053EC102B06F0FAFF06F096FE09EE100AB3
:1079D000B0EE490A06F092F9B2EE041A20EE018ADE
:1079E000B0EE490A88ED088A06F088F9B8F8060072
:1079F00020EE2D0A88ED060A60B1B4EE4C8AF1EE55
:107A000010FAB0EE4C0A15DA1BE000BF00803B44D0
:107A10000000C842F9F706F9B8F8060098ED088AA0
:107A20000130A8F80600B4EE4C8AF1EE10FAB0EE80
:107A30004C0A06DBB4EE6D8AF1EE10FAB0EE6D0A78
:107A400003DDB0EE408A88ED080A98ED061AB0EE24
:107A50004D0AB4EE4D1AF1EE10FA2BDD88ED060A50
:107A600031E000BF0000E1430000A04200004843B5
:107A70000000204200BF00BF6E861BF0F9211940B4
:107A800000000000008076400000B4430000704217
:107A90000000B442CDCCCC3E6E861BF0F9210940EB
:107AA0000000000000004E409A99993F000000003D
:107AB0000000B4C2B4EE6C1AF1EE10FAB0EE6C0A2B
:107AC000B8BF88ED060A42F2746698ED030AC2F266
:107AD00000063046F0EE480AFEF774FC42F2BC6540
:107AE00098ED020AD8ED060AC2F200052846FEF714
:107AF00069FC286AD6ED080A98ED040AC8F8240043
:107B00000698C8ED0A0AFEF75DFC98ED050AD8ED67
:107B1000090A42F20470C2F20000FEF753FC98ED2D
:107B2000140A41F6646920EE280ABDEEC00AC2F2CA
:107B3000000910EE102A002648464FF40071002379
:107B400000960196F8F7BCFF95ED088A28EE290A01
:107B500030EE000A10EE100A07F066FC5A46534653
:107B600007F00EF953EC1F2B06F028FF06F0C4FDBA
:107B7000B0EEC81A00EE100AB4EE6A1A48460221A6
:107B8000F1EE10FAB8BFB0EE6B0A88ED0B0AF8F709
:107B9000C1FF98F8021040F24C49DDF80CB0C2F277
:107BA0000009032924BF002088F8020098F800008B
:107BB00001287FF4D5AD98F803600220012E88F8E3
:107BC00000003FF4BDAD002E7FF4CAAD1420FAF7DB
:107BD0008FFA0020C4F202000121FAF7F9FB002815
:107BE0007FF4BBAD98F8010001287FF4B6AD98F89A
:107BF000020088F80160013088F80200ADE500BF9E
:107C00000000000000806640D0F8D42200EB820C17
:107C1000DCF8C032002B04BF03207047B0B501F080
:107C20000F0404EB840200EB820E5EF8142F5AB1AD
:107C3000D0F8C85204EBC40405EB8404E469B2FB39
:107C4000F4F505FB14229AB10020C3F81402DCF805
:107C5000C422D2F810C0BCF1000F08BFB0BDD3F8E9
:107C600008020A4603F50471E0470020B0BD00BFDA
:107C700000220023CEF8002000F0BCFE0020B0BDA2
:107C8000B0B5D0F8D42200EB8202D2F8C0529DB138
:107C9000044600F045FDD4F8D412C5F80C0204EBFC
:107CA0008101D1F8C412D5F80402CA6805F5037140
:107CB00090470020B0BD00BF0320B0BD70B581214A
:107CC000044600F06BFC00252046012184F8375063
:107CD00000F064FC2046822184F8775100F05EFCBD
:107CE000D4F8D40204F5307656F8201084F84B50BE
:107CF000656489B104EB8000D0F8C4024068804715
:107D0000D4F8D40256F8200001F060F9D4F8D40277
:107D100046F82050C4F8BC52002070BD10B5D0F811
:107D2000D41200EB8100D0F8C0428CB1D0F8C4125C
:107D300059B194F80002FF2807D08B6894F801220B
:107D400021469847FF2084F80002002010BD00BFA4
:107D5000032010BD014640F270100A22C2F200005A
:107D60000A807047F0B581B040F22C17C2F20007CC
:107D700004463846822100F027FB0646384601219A
:107D800000F022FB05463846812100F01DFB002E45
:107D90001CBF1021B171002D1CBF4021A9800028FB
:107DA0001CBF40218180432140F22C10C2F2000010
:107DB000218001B0F0BD0000F0B581B040F22C1779
:107DC000C2F2000704463846822100F0FDFA06465A
:107DD0003846012100F0F8FA05463846812100F0C6
:107DE000F3FA002E1CBF1021B171002D1CBF4FF4FF
:107DF0000071A98000281CBF4FF4007181804321CD
:107E000040F22C10C2F20000218001B0F0BD000051
:107E1000F0B581B040F22C17C2F200070446384694
:107E2000822100F0D1FA06463846012100F0CCFA52
:107E300005463846812100F0C7FA002E1CBF1021EC
:107E4000B171002D1CBF4021A98000281CBF40211A
:107E50008180432140F22C10C2F20000218001B049
:107E6000F0BD00002DE9F04104464FF4077001F029
:107E7000AFF8002850D04FF407710546F8F747FBDC
:107E8000D4F8D402402704EB8000C0F8C052207C14
:107E9000C4F8BC52002808BF4FF400772046812167
:107EA00002223B46022600F0B9FC4FF001082046B2
:107EB000012102223B4684F8378000F0AFFC1020FD
:107EC0006064204682210322082384F8778100F031
:107ED000A5FCD4F8D4020027C5F8047204EB800096
:107EE000D0F8C40284F84B8000688047C5F814724B
:107EF000C5F81872D5F8042252B1207C012100285F
:107F0000204614BF40234FF4007300F09BFC002672
:107F10003046BDE8F08100BFD4F8D402002104EB64
:107F20008000C0F8C0120220BDE8F081D0F8D41261
:107F300000EB8101D1F8C012002904BF0320704773
:107F400080B590F810C0D1F8042240230121BCF183
:107F5000000F08BF4FF4007300F074FC002080BDD8
:107F600000290FBF0320D0F8D42200EB8200C0F814
:107F7000C41218BF00207047D0F8D42200EB820052
:107F8000D0F8C00200280EBF0320C0F80412002061
:107F900070470000D0F8D43200EB8300D0F8C00264
:107FA00000280FBF0320C0F80812C0F810220020DC
:107FB00070470000F0B581B0D0F8D42200EB820306
:107FC000D3F8C0420022002C8DF80320ADF8002029
:107FD00060D00D7815F0600218D0202A58D1CA88D8
:107FE000002A29D06DB2B5F1FF3F2FDD4978402A34
:107FF00084F80012214628BF402284F8012200F0B4
:1080000099F80024204601B0F0BD00BF4A780B2A41
:108010003ED80024DFE802F008063C3C3C3C3C3CF7
:108020003C3C2A38EEE700BF90F89C22032A2FD16F
:108030006946022221E000BFD3F8C402002283680F
:10804000487800249847204601B0F0BDD3F8C432E8
:1080500006469D684B780F4618462146A847FA8881
:108060003046072A28BF0722214606E090F89C22C6
:10807000032A0DD10DF10301012200F077F800244D
:10808000204601B0F0BD00BF90F89C22032AB9D071
:1080900000F044F80324204601B0F0BDD0F8D4121B
:1080A00000EB8101D1F8C022002A04BF03207047F1
:1080B000D2F8141200294FF0010101D00846704790
:1080C00080B5C2F81412D2F81032D2F808228121F9
:1080D000836200F08FFC0021BDE8804008467047B5
:1080E00080B5D0F8B82252689047002818BF032006
:1080F00080BD0000002070470020704780B5134607
:108100000A46002100F09EFB002080BD80B513468A
:108110000A46002100F06EFC002080BD10B58021D1
:10812000044600F035FC20460021BDE8104000F078
:108130002FBC000080B513460A460321C0F89412F4
:108140000021C0F86421C0E9553300F07BFB00201A
:1081500080BD000080B50521C0F8941200210022E6
:10816000002300F06FFB002080BD000080B51346A7
:108170000A460221C0F8941200214262C0E9053388
:1081800000F038FC002080BD80B50421C0F89412B6
:1081900000210022002300F02DFC002080BD000003
:1081A00010B540F22854C2F200040A4602A021464B
:1081B00000F04CF9204610BD43444320436F6E66E7
:1081C0006967000040F27C101222C2F200000A80AF
:1081D0007047000010B540F22854C2F200040A466D
:1081E00002A0214600F032F9204610BD434443204E
:1081F000496E7465726661636500000040F2A41008
:108200000422C2F200000A807047000010B540F25C
:108210002854C2F200040A4602A0214600F016F9D2
:10822000204610BD524D000010B540F22854C2F255
:1082300000040A4602A0214600F008F9204610BDBD
:1082400053544D3332205669727475616C20436FFC
:108250006D506F727400000047F61020C1F6FF7079
:10826000026883684FF01A0C9B18A1F800C000F058
:10827000A680B0B54FF0370C1A0F0CEB13714068A5
:10828000B3F1204F38BF02F1300140F2A812C2F220
:108290000002917019014FF0000E0CEB117582F87D
:1082A00003E0C3F30364B1F1204F38BF04F130059C
:1082B000190215710CEB117582F805E0C3F3035434
:1082C000B1F1204F38BF04F13005190395710CEB63
:1082D000117582F807E0C3F30344B1F1204F38BFB2
:1082E00004F13005190415720CEB117582F809E0E0
:1082F000C3F30334B1F1204F38BF04F13005190541
:1083000095720CEB117582F80BE0C3F30324B1F105
:10831000204F38BF04F1300519061573C3F3031459
:108320000CEB1175B1F1204F4FEA037103F00F030D
:1083300082F80DE038BF04F1300503F1370495737E
:1083400082F80FE0B1F1204F38BF03F13004010F84
:108350000CEB1073147482F811E0B0F1204F38BFA9
:1083600001F1300301010CEB1174937482F813E0F6
:10837000C0F30363B1F1204F38BF03F130040102B1
:108380001475C0F303530CEB1174B1F1204F4FEA95
:10839000003182F815E038BF03F130040CEB1173A3
:1083A000947582F817E0C0F30340B1F1204F38BF55
:1083B00000F13003137682F819E0BDE8B04040F2D6
:1083C000A810C2F200007047B0F802C003789C45C4
:1083D0009CBF0020704780B508E000BF82788A42C9
:1083E00008BF80BD73449AB262452DD290F800E078
:1083F00070444278052A02D182788A4225D073449B
:108400009AB2624520D290F800E070444278052A82
:1084100002D182788A4218D073449AB2624513D24C
:1084200090F800E070444278052A02D182788A42AE
:108430000BD073449AB2624506D290F800E07044C3
:108440004278052ACAD0CDE7002080BD002808BFA9
:10845000704710B503783BB300F1020EF44600BF3D
:108460001CF8013C5BB19CF8003043B19CF8013032
:108470002BB19CF802300CF1040C002BF0D14FF022
:10848000000C00BF1EF8013C93B19EF800309BB178
:108490009EF80130A3B19EF802300CF1040C002BC1
:1084A0000EF1040EEED10DE04FF0000C0AE000BF1B
:1084B0004CF0010C06E000BF4CF0020C02E000BFE3
:1084C0004CF0030C5FFA8CFC022303EB4C0313808B
:1084D00003220B704A700378A3B3023002224FF0DC
:1084E000000C00BF5FFA82FE51FA82F401F80E30F0
:1084F00084F801C010F8013C23B3941C5FFA84FE99
:1085000051FA84F401F80E3084F801C00378CBB13D
:10851000141D5FFA84FE51FA84F401F80E3084F8D9
:1085200001C0437873B1941D5FFA84FE51FA84F45C
:1085300001F80E3084F801C083780832002B00F176
:108540000400CFD1BDE8104070470000002804BFF0
:10855000032070470023C0F8B832C0F8C4320029A5
:10856000C0F8D03218BFC0F8B412012180F89C12B4
:10857000027000F0D9B8000080B5D0F8C802FAF750
:10858000C5FB40F20032C100C0F2013222FA01F113
:10859000032888BF0321C8B280BD000080B5D0F891
:1085A000C802FAF78BFB40F20032C100C0F2013280
:1085B00022FA01F1032888BF0321C8B280BD000060
:1085C000B0B589B190F89C22032A54D1D0F8B822D2
:1085D0005269002A4FD00023C0F8D43290470028B7
:1085E00008BF0020B0BD00BFD0F8941202293BD1D3
:1085F0008169038C99420FD9CA1A416A8261194470
:1086000041620446FFF782FD20460021002200233C
:1086100000F018F927E000BF10D142698A420DD35B
:10862000D0F898128A4209D200210022044600257F
:10863000FFF76CFDC4F89852E6E700BF90F89C1273
:10864000032909D1D0F8B812C96829B10022C0F8AD
:10865000D4220446884720468021044600F098F939
:108660002046FFF777FD204690F8A01200291CBF96
:10867000002180F8A0120020B0BD000010B579B133
:1086800090F89C22032A22D1D0F8B8229269F2B144
:108690000023C0F8D4329047002808BF002010BD46
:1086A000D0F89412032912D1D0F85811B0F86021F3
:1086B00091420FD98B1AD0F86411C0F85831114487
:1086C000C0F86411934288BF1A46FFF717FD0020D7
:1086D00010BD00BF90F89C12032909D1D0F8B81240
:1086E000096929B10022C0F8D422044688472046EF
:1086F000FFF74AFD002010BD00207047012180F8DF
:108700009C12D0F8B812002904BF0020704780B531
:108710004A6801799047002818BF032080BD0000F7
:10872000D0F8C802FAF722BB017809B100207047DF
:1087300010B541F6C871C2F20001C1F8E004C0F8FA
:10874000C8124FF0A0400860042008714FF4007078
:10875000C8800220C1F809000020C8810846FBF744
:1087600049F8002818BFF8F709FD41F6C874C2F2AD
:10877000000420468021FAF717FA20460021402203
:10878000FAF716FA204601218022FAF711FABDE81D
:108790001040002070470000D0F8C80201F07F03AD
:1087A0004AB203EBC30301EBC10100EB830300EB0F
:1087B000810000F25620002A48BF03F1160000781D
:1087C00070470000D0F8D42200EB8202D2F8B82221
:1087D000002A04BF0320704790F89C32032B05D178
:1087E000126A1AB180B59047002080BD0020704702
:1087F000D0F8D42200EB8202D2F8B822002A04BFBB
:108800000320704790F89C32032B05D1526A1AB1AD
:1088100080B59047002080BD0020704780B5944609
:10882000D0F8C8021A466346FAF7AAFA40F20032B4
:10883000C100C0F2013222FA01F1032888BF0321EE
:10884000C8B280BD80B5D0F8C802FAF7D3FA40F2BA
:108850000032C100C0F2013222FA01F1032888BFC0
:108860000321C8B280BD0000F0B581B0012600250B
:1088700080F89C62C0F8945204464560D0F8B80273
:10888000C4F8A45284F8A05240B1426832B12046E4
:10889000002190470546002818BF032520460021E7
:1088A000002240234027FFF7B9FF20468021002205
:1088B000402384F86361A4F86071FFF7AFFF84F888
:1088C00023602846278401B0F0BD000090F89C1278
:1088D000042904BF90F89D1280F89C120020704774
:1088E00090F89C12032908D1D0F8B81229B1C969AF
:1088F00019B180B58847BDE880400020704700006E
:10890000024600201174704780B5D0F8C802FBF70A
:108910000BF940F20032C100C0F2013222FA01F13B
:10892000032888BF0321C8B280BD0000B0B500F2A3
:10893000AA240546204600F06FF80121C5F89412DC
:1089400095F8AA12B5F8B03201F01F02022AC5F854
:1089500098320FD0012A07D092B928462146BDE8A7
:10896000B04000F091B800BF28462146BDE8B040B5
:1089700000F0F4BA28462146BDE8B04000F040BA05
:1089800001F080012846BDE8B04000F001B80000C9
:1089900080B5D0F8C802FAF74FFA40F20032C100B1
:1089A000C0F2013222FA01F1032888BF0321C8B2C4
:1089B00080BD000080B5D0F8C802FBF7D1F840F2C6
:1089C0000032C100C0F2013222FA01F1032888BF4F
:1089D0000321C8B280BD0000014690F89C02042229
:1089E00004281CBF91F89C0281F89D02002081F8A8
:1089F0009C22704780B5D0F8C802FAF755FA40F2C9
:108A00000032C100C0F2013222FA01F1032888BF0E
:108A10000321C8B280BD00000A7802704A78427013
:108A20004A8842808A888280C988C1807047000055
:108A300010B582B004460020ADF80600B1B1D4F8FC
:108A4000D42204F52E70C4F8B81250F82200C16A7E
:108A500021B10DF106008847C4F8D002D4F8D8023D
:108A60000130C4F8D802002002B010BD032002B0CB
:108A700010BD0000D0F8B822002A04BF00207047C3
:108A800012681047FFF796BF0A78C2F34112531ECF
:108A9000022B07D2D0F8D42200EB8202D2F8B822FF
:108AA0009268104770B582B0002A40F0CB804A78B7
:108AB000092A00F2C780DFE802F0052FC557C5611B
:108AC00083C51B4190F89C22013A022A00F2BA8029
:108AD000C988022940F0B680D0F8A41203220029E8
:108AE00008BF0122014641F80C2F02226AE100BFB3
:108AF000C988012940F0A68090F89C124A1E022ADB
:108B000080F09A800024014641F8084F0122FFF7C7
:108B10002DFB204602B070BD90F89C22013A022A3B
:108B200000F2908049880024012940F09480C0F828
:108B3000A442FFF729FB204602B070BD498840F2ED
:108B40002455C2F2000511F0FE0F297052D0802189
:108B50000446FFF71DFF20460021FFF719FF0324FD
:108B6000204602B070BD00BF4A88022A60D0012AA8
:108B700068D10121C0F8A4122DE100BF8A88002A23
:108B800060D1CA88002A5DD14D887F2D5AD890F8CF
:108B90009C12032956D0E9B280F89E520446FFF792
:108BA000B3FE20462646FFF7EFFA002D14BF022041
:108BB000012086F89C020024204602B070BD00BF50
:108BC0004A884FF0FF3303EB12230026062BADF843
:108BD000066000F2FD80DFE813F007004F0041005F
:108BE000FB00FB005F006D000D46D0F8B4120A6870
:108BF000D7E000BF90F89C22032A6BD0022A40F0F5
:108C000091800A0600F0E78001F00102C9B24260DB
:108C10000546FFF72FFF002800F0A48004462846F1
:108C20008021FFF7B5FE28460021FFF7B1FE73E073
:108C3000497980F8A012CEE0032903D1011D012259
:108C4000C0E000BF80210446FFF7A2FE20460021BD
:108C50000024FFF79DFE204602B070BDD2B2052A67
:108C600000F2B680DFE802F004948C90889800BF90
:108C7000D0F8B422526892E00D46017C0446D0F848
:108C8000B80200290CBF816AC16A0DF1060088474D
:108C9000014602201CE000BF027C002A40F09880C0
:108CA0000446D0F8B8020D46416B0DF10600884726
:108CB0007CE000BF027C002A40F08A800446D0F8A5
:108CC000B8020D46016B0DF10600884701460720EA
:108CD00048706CE00A0635D0426801F001018A4212
:108CE00000F07980D1B20446FFF7FAF929782046DE
:108CF00061602546FFF7BEFE002800F07F80044635
:108D000028468021FFF744FE28460021FFF740FE59
:108D100029792846FFF7E4F9022085F89C022046CD
:108D200002B070BD80210446FFF732FE20460021CC
:108D3000FFF72EFE29782046FFF7D2F903242046BC
:108D400002B070BD022180F89C1200240021446012
:108D50000546FFF7C5F92846FFF716FA204602B088
:108D600070BD00BF2846FFF70FFA032085F89C026C
:108D70000024204602B070BDD0F8B42252690EE043
:108D8000D0F8B422D2680AE0D0F8B422126906E022
:108D9000D0F8B422926802E0D0F8B4229269BAB155
:108DA0000D460446007C0DF1060190470146EA8815
:108DB00082B1BDF80630ABB1934238BF1A46ADF868
:108DC00006202046FFF7D2F90024204602B070BDED
:108DD000044608E02046FFF7D7F90024204602B0F9
:108DE00070BD00BF20468021FFF7D2FD2046002144
:108DF000FFF7CEFD0024204602B070BD2846EAE70A
:108E000070B50A780D46C2F341120979531E022B40
:108E1000044607D22046FFF76DF9002855D0002000
:108E200070BD00BF9ABB687840B3012814D00328F6
:108E30002DD194F89C02032812D1688838B911F01A
:108E40007F0004D0E88810B92046FFF7A1FD204636
:108E5000FFF79AF9002070BD94F89C02032821D0F6
:108E6000022814D1480612D02046FFF791FD204673
:108E70008021FFF78DFD002070BD00BF94F89C029B
:108E800003282FD0022808BF5FEA416056D0204651
:108E90008021FFF77DFD20460021FFF779FD0020AE
:108EA00070BD00BF68880028B9D10E46480603D0BF
:108EB00020463146FFF760FB2046FFF765F9204664
:108EC0003146FFF717F90028A9D1D4F8B802826813
:108ED0000020002AC4F8D402A1D020462946BDE8CB
:108EE0007040104701F00F0000EB8000802904EB78
:108EF00080002CBF90F8230090F863010028C6D0B2
:108F000001F07F0000EB800004EB800000F114050D
:108F100001EB810004EB8000802938BF00F5AA75C1
:108F2000480605D02046FFF737FC08B1012000E0D5
:108F3000002005F10E01A8730AE000BF08064FF0FB
:108F4000140058BF4FF4AA702118002001F80E0F2A
:108F500020460222FFF70AF9002070BDB0B50A785A
:108F600002F06002602A08D090F89C22013A022A9E
:108F700003D88A8812F0FE0F0AD080210446FFF73A
:108F800007FD204600210024FFF702FD2046B0BD6A
:108F90000C46D1B20546FFF7AFF808B10320B0BDCB
:108FA000D5F8B8128A68002AF8D000212846C5F8FA
:108FB000D41221469047E1880446002908BF002CBE
:108FC000E4D12846FFF7E0F80020B0BD704700006C
:108FD00040F22870C2F200007047000010B50A7815
:108FE0004B78D0F81CE802F00F04012B4FEA421C2A
:108FF00018D10123A34043EA0E03C0F81C38604493
:10900000D0F800391B0428D48B6800F5106009796A
:1090100004686FF3DF2343EA814144EA825211433B
:1090200016E000BF4FF48032A24042EA0E02C0F8C0
:109030001C286044D0F8002B12040ED48A6800F576
:10904000306009796FF3DF22036842EA81411943F6
:1090500041F0805141F400410160002010BD00004A
:109060000146D0F8000940F2FF729043C1F80009B0
:10907000D1F8040840F480720020C1F80428704739
:1090800082B002F47F42B2F5807F40F09980826B1B
:109090004FF6BF7322F480328263C268CFF6BD738D
:1090A0001A40C260029BC268DBB222F44012012B5C
:1090B000C26003D1C26842F48012C26000220092F2
:1090C000009A01320092009AB2F1706F00F2F080C3
:1090D0000269002A21D4009A01320092009AB2F16A
:1090E000706F00F2E5800269002A16D4009A0132FE
:1090F0000092009AB2F1706F00F2DA800269002AE1
:109100000BD4009A01320092009AB2F1706F00F213
:10911000CF800269B2F1FF3FD2DC0A220092009AAE
:10912000AAB100BF009A013A0092009A7AB1009A5F
:10913000013A0092009A52B1009A013A0092009AC4
:109140002AB1009A013A0092009A002AEAD10269F3
:1091500042F001020261009A01320092009AB2F1DB
:10916000706F00F2A5800269D20720D0009A013208
:109170000092009AB2F1706F00F29A800269D207F1
:1091800015D0009A01320092009AB2F1706F00F28D
:109190008F800269D2070AD0009A01320092009AA9
:1091A000B2F1706F00F284800269D207D3D14FF020
:1091B000000C01F47F01B1F5803F40F099808FE011
:1091C000C26842F04002C26000220192019A01325C
:1091D0000192019AB2F1706F72D80269002A1ED40E
:1091E000019A01320192019AB2F1706F68D8026956
:1091F000002A14D4019A01320192019AB2F1706FDF
:109200005ED80269002A0AD4019A01320192019AB9
:10921000B2F1706F54D80269B2F1FF3FD6DC0A2276
:109220000192019AAAB100BF019A013A0192019AF2
:109230007AB1019A013A0192019A52B1019A013A26
:109240000192019A2AB1019A013A0192019A002AE7
:10925000EAD1026942F001020261019A01320192EF
:10926000019AB2F1706F2BD80269D2071DD0019A12
:1092700001320192019AB2F1706F21D80269D207CE
:1092800013D0019A01320192019AB2F1706F17D88E
:109290000269D20709D0019A01320192019AB2F112
:1092A000706F0DD80269D207D7D14FF0000C09E0DA
:1092B0004FF0030C01F47F01B1F5803F18D10FE0AE
:1092C0004FF0030C826B13F47F4F14BF22F48032F3
:1092D00042F48032826301F47F01B1F5803F07D10F
:1092E000816841F006018160816841F02001816060
:1092F000604602B07047000010B54A7891F800E06F
:1093000047F6000CCEF6334C012A4FEA4E1227D115
:109310000244D2F8001902F51063B1F1FF3F4FF09B
:10932000010407DC196841F000611960196841F017
:10933000804119600EF00F01D0F83C2804FA01F1C9
:109340008A43C0F83C28D0F81C2822EA0101C0F862
:109350001C18186800EA0C010020196010BD00BF3D
:10936000811801F53063D1F8001B0CF1707CB1F16C
:10937000FF3F4FF48034DDDCD4E700000146D0F835
:10938000000E20F00300C1F8000ED1F8040820F010
:1093900002020020C1F80428704700000146D0F8FE
:1093A000000E20F00300C1F8000ED1F8040840F0D0
:1093B00002020020C1F80428704700002DE9F04F98
:1093C00086B0C3F3074516468E460021C0F8041147
:1093D000C0F80811C0F80C11C0F81011C0F8141131
:1093E000C0F81811C0F81C11C0F82011C0F82411E1
:1093F000C0F82811C0F82C11C0F83011C0F8341191
:10940000C0F83811C0F83C1145B1816B21F400114E
:109410008163816B41F4002111E000BFD0F8041892
:1094200041F00201C0F80418816B41F4001181631E
:10943000816B21F400218163816B21F4802106F48A
:109440007F4281630021B2F5807FC0F8001E07D102
:10945000D0F80028B1EB1E6F08D1C0F8002809E051
:10946000D0F8001841F0030102E000BF42F0010112
:10947000C0F8001800210491049901310491049965
:10948000B1F1706F52D8016900291ED404990131DD
:1094900004910499B1F1706F48D80169002914D47E
:1094A0000499013104910499B1F1706F3ED80169BA
:1094B00000290AD40499013104910499B1F1706F23
:1094C00034D80169B1F1FF3FD6DC002104914FF49B
:1094D000846101610499013104910499B1F1706FC3
:1094E00024D8016989061DD5049901310491049994
:1094F000B1F1706F1AD80169890613D50499013149
:1095000004910499B1F1706F10D80169890609D5E9
:109510000499013104910499B1F1706F06D8016981
:109520008906D7D44FF0000A02E000BF4FF0010ACD
:10953000002105910599013105910599B1F1706FEF
:109540004ED8016900291ED405990131059105996C
:10955000B1F1706F44D80169002914D40599013123
:1095600005910599B1F1706F3AD8016900290AD4C3
:109570000599013105910599B1F1706F30D80169F4
:10958000B1F1FF3FD6DC0021059110210161059961
:10959000013105910599B1F1706F21D80169C906B2
:1095A00020D50599013105910599B1F1706F17D852
:1095B0000169C90616D50599013105910599B1F1E1
:1095C000706F0DD80169C9060CD505990131059157
:1095D0000599B1F1706F03D80169C906D7D401E0CC
:1095E0004FF0010A5FFA8EF94FF00008B9F1000F51
:1095F000C0F81088C0F81488C0F81C8800F00D81ED
:10960000CDF80CA0CDE9015ED0F800194FF0006450
:1096100004EA11114FF67F35B9F1010BC0F80019BA
:10962000C0F81089C0F8085974D0A9F102010329C3
:109630000BF0030A04D20121BAF1000F40D169E016
:1096400000962BF0030700F5186600234FF0904CAE
:109650004FF67F324FF0000E56F8601C0EF1040EEC
:109660000CEAE17146F8601C46F8503C46F8582C6C
:1096700056F8401C77450CEAE17146F8401C46F864
:10968000303C46F8382C56F8201C0CEAE17146F8BC
:10969000201C46F8103C46F8182C31680CEAE171A1
:1096A00031603361B26006F18006D5D1009E0EF1C3
:1096B00001014FF67F354FF00064BAF1000F29D059
:1096C00000F510634F01B446DE594FF0904202EAB4
:1096D000E67603EB4111DE51664600274FF67F33F5
:1096E000BAF1010F0F618B6014D00E6ABAF1020F4C
:1096F00002EAE67266460A620F638B620AD00A6C5F
:109700004FF0904303EAE2720A6400220A654FF6C2
:109710007F328A64D0F8001BBBF1000F04EA1111FC
:10972000C0F8001B4FF00001C0F8101BC0F8085B28
:10973000DDE9015EDDF80CA06FD0A9F1020103297B
:109740000BF0030C04D20121BCF1000F3BD164E00B
:10975000A94600962BF0030500F5386600234FF06C
:1097600090474FF67F32002156F8604C043107EAEB
:10977000E47446F8604C46F8503C46F8582C56F8CD
:10978000404C8D4207EAE47446F8404C46F8303CC1
:1097900046F8382C56F8204C07EAE47446F8204C7A
:1097A00046F8103C46F8182C346807EAE474346034
:1097B0003361B26006F18006D6D1009E01314D467C
:1097C000BCF1000F29D000F530634F013446DE595B
:1097D0004FF0904202EAE67603EB4111DE51264655
:1097E00000274FF67F33BCF1010F0F618B6014D05F
:1097F0000E6ABCF1020F02EAE67226460A620F63A5
:109800008B620AD00A6C4FF0904303EAE2720A645A
:1098100000220A654FF67F328A64D0F810181EF4D1
:109820007F0F21F48071C0F810186FF08041C0F8EC
:109830001880416103D1816941F010018161816922
:1098400043F60002C8F23C02114316F47F0F816117
:1098500003D0816941F008018161012D05D1816941
:1098600041F0804141F004018161504606B0BDE8FD
:10987000F08F00000146806820F0010200208A601D
:1098800070470000D0F840C043F20B03C4F6547395
:109890009C4503D3D0F8003B002B1ED40023C0F816
:1098A000103BD0F8103B012943F40023C0F8103BD3
:1098B000D0F8103B43F01803C0F8103BD0F8103B31
:1098C00043F0C043C0F8103B07D1C0F8142BD0F8C8
:1098D000001B41F08021C0F8001B002070470000F1
:1098E0004A780B78012A4FEA431210440ED1D0F87F
:1098F000002922F40012C0F80029097901F0FE01C4
:10990000022914D100F510600DE000BFD0F8002B43
:1099100022F40012C0F8002B097901F0FE0102299F
:1099200005D100F53060016841F0805101600020F0
:10993000704700000A784B785101012B084407D189
:10994000D0F80019002900F5106107D50BE000BF21
:10995000D0F8001B002900F5306104D41AB1086862
:1099600020F080400860086840F4001200200A607F
:1099700070470000F0B54B78002591F800C04FF615
:10998000FF76CFF6F875012BCEF207062CD10C69C5
:1099900000EB4C1EDEF81079002C0EF510634FD052
:1099A0003D401D611D69BCF1000F05EA06051D6102
:1099B0008E6800F09B80A519013DB5FBF6F50026E9
:1099C000C1F6F8761F6906EAC5463E431E610E7968
:1099D000012E40F098801E6926F0C0461E614FF0AF
:1099E000C04606EA45758BE000EB4C13D3F8107BBC
:1099F0004FF6FF742F40C3F8107BD3F8107BC0F2F2
:109A000007043740C3F8107B8D680E69BCF1000F66
:109A100003F530633CD0002E3ED07719013FB7FBF1
:109A2000F5F740F2000CBEB26E430E62C1F6F87C50
:109A30001D690CEAC7472F4326401F6133E000BF72
:109A400007EA06041C611C6944F400241C611C69BB
:109A500025400024012A1D615DD000F510634FEA06
:109A60004C169F5947F004479F510F79012F33D16E
:109A7000D0F80878F558FF054FF0805758BF4FF0E1
:109A800000572F43002AF75060D00020F0BD00BFE0
:109A9000002E18BF0D610D621F6905EA04063743E9
:109AA0001F614FF400261F69012A47EA06071F615C
:109AB00003D1CA68002A18BF5A61097901293DD12A
:109AC000D0F808081968C0054FF0805058BF4FF013
:109AD0000050084331E000BF002CD6D00CF00F013D
:109AE000012202FA01F100F6340329E0B44205D95B
:109AF0000E614FF40025344602E000BF4FF400250C
:109B00001E6935431D6125461E696FF3DF453543E8
:109B1000012A1D61A1D1CA69002A18BFCEF81429F3
:109B2000097901290AD1D0F80818DEF80009C90519
:109B30004CBF40F0805040F0005018604FF004419E
:109B40001868084318600020F0BD00BFA2B2002AC8
:109B50009BD0D61C4FF0FF33C96803EB960300F58A
:109B600080504FEA0C32032BC6F381030ED3B708A3
:109B700027F003060F68043E17504F6817508F6890
:109B80001750CF6801F110011750F3D1002B3FF4AB
:109B90007CAF0F68012B87503FF477AF4F68022BE3
:109BA00087503FF472AF896881500020F0BD0000FB
:109BB00081B0002200924A780978012A4FEA4111C7
:109BC0003AD100F510625058B0F1FF3F3ADC8858A6
:109BD00042F2107340F000608850885840F0804096
:109BE00088500098013000900098984264D85058EE
:109BF000B0F1FF3F26DC00980130009000989842B9
:109C00005AD85058B0F1FF3F1CDC0098013000904A
:109C10000098984250D85058B0F1FF3F12DC00989D
:109C2000013000900098984246D85058B0F1FF3F5C
:109C30004FF00000D5DD3CE000F530625058B0F147
:109C4000FF3F03DD002001B0704700BF885842F29B
:109C5000107340F000608850885840F08040885071
:109C60000098013000900098984225D85058B0F1E3
:109C7000FF3FE7DC009801300090009898421BD825
:109C80005058B0F1FF3FDDDC0098013000900098A3
:109C9000984211D85058B0F1FF3FD3DC0098013002
:109CA00000900098984207D8505800284FF00000C4
:109CB000D6D401B0704700BF012001B0704700004A
:109CC0000146806840F0010200208A607047000071
:109CD00081B000220092009A01320092009AB2F103
:109CE000706F51D80269002A1ED4009A0132009286
:109CF000009AB2F1706F47D80269002A14D4009A12
:109D000001320092009AB2F1706F3DD80269002AC8
:109D10000AD4009A01320092009AB2F1706F33D8DF
:109D20000269B2F1FF3FD6DC8901002220310092A6
:109D300001610099013100910099B1F1706F23D850
:109D4000016989061DD50099013100910099B1F191
:109D5000706F19D80169890613D5009901310091F6
:109D60000099B1F1706F0FD80169890609D5009982
:109D7000013100910099B1F1706F05D80169890630
:109D8000D7D4002001B07047032001B07047000015
:109D9000D0F8080800F0060180074FF0020058BF15
:109DA0000F20002908BF084670470000406900F0F6
:109DB00001007047D0F81818D0F81C08084080B28D
:109DC00070470000D0F81818D0F81C080840000CA4
:109DD00070470000D0F810C8D0F8343801F00F02F6
:109DE00023FA02F2D20100EB4110D2B2D0F80809F6
:109DF00042EA0C010840704700EB4111D1F8081B02
:109E0000D0F81408084070474169806908407047DD
:109E100010B5930802F0030E2CD05A1E032A03F04B
:109E2000030C0FD323F003034FF480528458043BF8
:109E30000C6084584C6084588C608458CC6001F16C
:109E40001001F3D1BCF1000F14D04FF480528458AC
:109E50000B46BCF1010F43F8044B05D11946BEF186
:109E6000000F0AD11EE000BF8258BCF1020F4A6009
:109E70001AD10831BEF1000F14D04FF4805280582F
:109E80000A46BEF1010F02F8010B04BF104610BDD7
:109E9000020ABEF1020F4A7004BF881C10BD000CFC
:109EA00088700331084610BD4FF4805282588A6092
:109EB0000C31BEF1000FE0D1F4E70000B0B504466C
:109EC000C068002920F0C040E06000F099800129BE
:109ED00040F0B080E0680A2540F00050E0600A20C1
:109EE000F8F706F954F8140FC00740F09C800A20D8
:109EF000F8F7FEF82068C00740F09E800A20F8F7C7
:109F0000F7F82068C00740F0A5800A20F8F7F0F8BD
:109F10002068C00740F0AC800A20F8F7E9F8206814
:109F2000C00740F0B3800A20F8F7E2F82068C007C5
:109F300040F0BA800A20F8F7DBF82068C00740F04C
:109F4000C1800A20F8F7D4F82068C00740F0C88024
:109F50000A20F8F7CDF82068C00740F0CF800A202B
:109F6000F8F7C6F82068C00740F0D6800A20F8F756
:109F7000BFF82068C00740F0DD800A20F8F7B8F885
:109F80002068C00740F0E4800A20F8F7B1F82068A4
:109F9000C00740F0EB800A20F8F7AAF82068C00755
:109FA00040F0F2800A20F8F7A3F82068C00740F0DC
:109FB000F9800A20F8F79CF82068C00740F000817B
:109FC0000A20F8F795F82068C00740F007810A20BA
:109FD000F8F78EF82068C00740F00E810A20F8F7E5
:109FE00087F82068C00740F016810A20F8F780F84B
:109FF0002068C825A5F1C800B0FA80F04009B0BDBE
:10A00000E0680A2540F08040E0600A20F8F770F828
:10A0100054F8140FC00706D00A20F8F769F8206832
:10A02000C00711D11425A5F1C800B0FA80F040098D
:10A03000B0BD00BF0120B0BD1425A5F1C800B0FA25
:10A0400080F04009B0BD00BF0A20F8F751F8206841
:10A05000C00707D11E25A5F1C800B0FA80F040095D
:10A06000B0BD00BF0A20F8F743F82068C00707D149
:10A070002825A5F1C800B0FA80F04009B0BD00BFA6
:10A080000A20F8F735F82068C00707D13225A5F176
:10A09000C800B0FA80F04009B0BD00BF0A20F8F750
:10A0A00027F82068C00707D13C25A5F1C800B0FA01
:10A0B00080F04009B0BD00BF0A20F8F719F8206809
:10A0C000C00707D14625A5F1C800B0FA80F04009C5
:10A0D000B0BD00BF0A20F8F70BF82068C00707D111
:10A0E0005025A5F1C800B0FA80F04009B0BD00BF0E
:10A0F0000A20F7F7FDFF2068C00707D15A25A5F110
:10A10000C800B0FA80F04009B0BD00BF0A20F7F7E0
:10A11000EFFF2068C00707D16425A5F1C800B0FA99
:10A1200080F04009B0BD00BF0A20F7F7E1FF2068CA
:10A13000C00707D16E25A5F1C800B0FA80F040092C
:10A14000B0BD00BF0A20F7F7D3FF2068C00707D1D2
:10A150007825A5F1C800B0FA80F04009B0BD00BF75
:10A160000A20F7F7C5FF2068C00707D18225A5F1AF
:10A17000C800B0FA80F04009B0BD00BF0A20F7F770
:10A18000B7FF2068C00707D18C25A5F1C800B0FA39
:10A1900080F04009B0BD00BF0A20F7F7A9FF206892
:10A1A000C00707D19625A5F1C800B0FA80F0400994
:10A1B000B0BD00BF0A20F7F79BFF2068C00707D19A
:10A1C000A025A5F1C800B0FA80F04009B0BD00BFDD
:10A1D0000A20F7F78DFF2068C00707D1AA25A5F14F
:10A1E000C800B0FA80F04009B0BD00BF0A20F7F700
:10A1F0007FFF2068C00707D1B425A5F1C800B0FAD9
:10A2000080F04009B0BD00BF0A20F7F771FF206859
:10A21000C0077FF4EAAEBE25A5F1C800B0FA80F011
:10A220004009B0BD0246D0F8000801F07F0120F4DB
:10A23000FE60C2F80008D2F8000840EA01110020D0
:10A24000C2F8001870470000022A02465FD145F2AA
:10A250004030CFF6277043F200530844C0F20C039D
:10A26000984203D24FF4705053E000BF41F6406073
:10A27000CFF61B7044F240230844C0F20F0398420B
:10A2800002D24FF4605044E0A1F5740044F68073AC
:10A29000A0F51050C0F21203984203D24FF4505070
:10A2A00037E000BFA1F183704DF22063A0F5E740D5
:10A2B000C0F21303984203D24FF4405029E000BF8C
:10A2C0004BF26060CFF6E5604EF260330844C0F2B6
:10A2D0001603984202D24FF430501AE04DF200308B
:10A2E000CFF6CE6047F240730844C0F21B03984299
:10A2F00002D24FF420500CE045F6C030CFF6B360E8
:10A3000049F2C0130844C0F2210398420AD24FF424
:10A310001050D16821F47051D160D1680143002000
:10A32000D1607047A1F1B77047F22053A0F55850A3
:10A33000C0F23803984203D24FF40050E9E700BF5F
:10A3400045F2E040CFF6596049F6E0430144C0F2DF
:10A3500041034FF4C050994238BF4FF4E050D8E762
:10A3600040F2AC0440F28438C2F2000440F2584794
:10A3700040F27C3940F2663A42F2D876C2F20008E6
:10A38000C2F20007C2F2000904F11405C2F2000A89
:10A39000C2F20006D8F8000097ED000A2060D9F854
:10A3A000000097ED011AA060B8681421A0619AF826
:10A3B000000084ED011AE075204684ED030A84ED67
:10A3C000071A84ED080AF6F7F7FB28461421F6F77A
:10A3D000F3FB30461C21F6F7EFFB0A2001F070FD7D
:10A3E000D8E7000010B5DDF808C0BCF1000F2CD193
:10A3F0005BB303F1030E4FF0FF3303EB9E0300F555
:10A4000080541203032BCEF3810C0FD34FEA9E032B
:10A4100023F003030868043B105148681051886812
:10A420001051C86801F110011051F3D1BCF1000FB7
:10A430000BD00868BCF1010FA05006D04868BCF1F1
:10A44000020FA0501CBF8868A050002010BD000063
:10A45000FEE7000010B582B000208DF80700F6F787
:10A4600089F98020F6F7EEFA5520F6F7EBFA552039
:10A47000F6F7E8FA8DF80700F6F774F99620F6F784
:10A48000D1F9F6F777F98020F6F7DCFA5520F6F7E0
:10A49000D9FA5520F6F7D6FA8DF80700F6F762F9E3
:10A4A0009620F6F7BFF9F6F765F97E20F6F7CAFAB7
:10A4B000B620F6F7C7FAF6F755F95020F6F7B0F9D7
:10A4C000F6F758F98020F6F7BDFA5520F6F7BAFAF4
:10A4D0005520F6F7B7FA8DF80700F6F743F99620FE
:10A4E000F6F7A0F9F6F746F98020F6F7ABFA552013
:10A4F000F6F7A8FA5520F6F7A5FA8DF80700F6F753
:10A5000031F99620F6F78EF99DF807001E284DD1F7
:10A51000F6F730F97D20F6F795FA0420F6F792FA6F
:10A52000F6F720F99620F6F77DF9F6F723F9FD20E6
:10A53000F6F788FA5520F6F785FA5520F6F782FAED
:10A540008DF80700F6F70EF99620F6F76BF99DF8EF
:10A55000070040F2C6040428C0F6010422D1F6F731
:10A5600009F97C20F6F76EFA0020F6F76BFAF6F799
:10A57000F9F89620F6F756F9F6F7FCF8FC20F6F70E
:10A5800061FA5520F6F75EFA5520F6F75BFA8DF87A
:10A590000700F6F7E7F89620F6F744F99DF807006C
:10A5A00040B10334A07802B010BD00BFFF2002B05C
:10A5B00010BD00BFF6F7DEF84020F6F743FAAB20F7
:10A5C000F6F740FAF6F7CEF89620F6F72BF9F6F7FD
:10A5D000D1F8C020F6F736FA5520F6F733FA5520B1
:10A5E000F6F730FA8DF80700F6F7BCF89620F6F784
:10A5F00019F99DF80700AB2826D1F6F7BBF84120E2
:10A60000F6F720FA0020F6F71DFAF6F7ABF89620D9
:10A61000F6F708F9F6F7AEF8C120F6F713FA552069
:10A62000F6F710FA5520F6F70DFA8DF80700F6F751
:10A6300099F89620F6F7F6F89DF8070040B109342E
:10A64000A07802B010BD00BF0634A07802B010BDE3
:10A65000F6F790F85320F6F7F5F90820F6F7F2F937
:10A66000F6F780F89620F6F7DDF8F6F783F8D320B2
:10A67000F6F7E8F95520F6F7E5F95520F6F7E2F98F
:10A680008DF80700F6F76EF89620F6F7CBF89DF8F0
:10A690000700082826D1F6F76DF85820F6F7D2F90A
:10A6A0000420F6F7CFF9F6F75DF89620F6F7BAF83A
:10A6B000F6F760F8D820F6F7C5F95520F6F7C2F995
:10A6C0005520F6F7BFF98DF80700F6F74BF89620FE
:10A6D000F6F7A8F89DF80700042807D1002002B07B
:10A6E00010BD00BF0C34A07802B010BD0F34A078AC
:10A6F00002B010BD2DE9F04F87B000208DF81B008F
:10A70000F6F738F88020F6F79DF95520F6F79AF914
:10A710005520F6F797F98DF81B00F6F723F89620E9
:10A72000F6F780F8F6F726F88020F6F78BF9552033
:10A73000F6F788F95520F6F785F98DF81B00F6F73E
:10A7400011F89620F6F76EF8F6F714F87E20F6F773
:10A7500079F9B620F6F776F9F6F704F85020F6F70F
:10A760005FF8F6F707F88020F6F76CF95520F6F752
:10A7700069F95520F6F766F98DF81B00F5F7F2FF39
:10A780009620F6F74FF8F5F7F5FF8020F6F75AF91F
:10A790005520F6F757F95520F6F754F98DF81B00B8
:10A7A000F5F7E0FF9620F6F73DF89DF81B001E2810
:10A7B00040F09E80F5F7DEFF4020F6F743F9AC202D
:10A7C000F6F740F9F5F7CEFF9620F6F72BF8F5F7F8
:10A7D000D1FFC020F6F736F95520F6F733F95520AA
:10A7E000F6F730F98DF81B00F5F7BCFF9620F6F769
:10A7F00019F89DF81B0040F26C04AC28C0F6010467
:10A8000071D15020F6F70CF8F5F7B4FF7D20F6F77C
:10A8100019F90420F6F716F9F5F7A4FF9620F6F7D4
:10A8200001F8F5F7A7FFFD20F6F70CF95520F6F72C
:10A8300009F95520F6F706F98DF81B00F5F792FF98
:10A840009620F5F7EFFF9DF81B00042854D1502007
:10A85000F5F7E6FFF5F78EFF4120F6F7F3F8032052
:10A86000F6F7F0F8F5F77EFF9620F5F7DBFFF5F742
:10A8700081FFC120F6F7E6F85520F6F7E3F85520FA
:10A88000F6F7E0F88DF81B00F5F76CFF9620F5F76A
:10A89000C9FF9DF81B00032834D15020F5F7C0FFF5
:10A8A000F5F768FF7C20F6F7CDF80020F6F7CAF838
:10A8B000F5F758FF9620F5F7B5FFF5F75BFFFC209D
:10A8C000F6F7C0F85520F6F7BDF85520F6F7BAF8B8
:10A8D0008DF81B00F5F746FF9620F5F7A3FF9DF8CE
:10A8E0001B00A8B10934A07807B0BDE8F08F00BF05
:10A8F000FF2007B0BDE8F08F0334A07807B0BDE8B3
:10A90000F08F00BF0634A07807B0BDE8F08F00BF1D
:10A910005020F5F785FFF5F72DFF6D20F6F792F83B
:10A920000D20F6F78FF8F5F71DFF9620F5F77AFF63
:10A93000F5F720FFED20F6F785F85520F6F782F8B9
:10A940005520F6F77FF88DF81B00F5F70BFF9620E2
:10A95000F5F768FF9DF81B000D2840F09780502008
:10A96000F5F75EFFF5F706FF9220F6F76BF89220F9
:10A97000F6F768F85520F6F765F883465520F6F7A0
:10A9800061F881465520F6F75DF880465520F6F7C8
:10A9900059F805465520F6F755F806465520F6F7BE
:10A9A00051F80746F5F7DEFEF5F7E4FE6D20F6F701
:10A9B00049F80920F6F746F8F5F7D4FE9620F5F7A2
:10A9C00031FFF5F7D7FEED20F6F73CF85520F6F706
:10A9D00039F85520F6F736F88DF81B00F5F7C2FE6A
:10A9E0009620F5F71FFF9DF81B00092854D1502031
:10A9F000CDE90458CDE90276F5F712FFF5F7BAFE76
:10AA00009220F6F71FF89220F6F71CF85520F6F77B
:10AA100019F880465520F6F715F882465520F6F7C6
:10AA200011F804465520F6F70DF807465520F6F7BD
:10AA300009F805465520F6F705F80646F5F792FEA3
:10AA4000F5F798FE6D20F5F7FDFF0020F5F7FAFF0A
:10AA5000F5F788FE9620F5F7E5FEF5F78BFEED207D
:10AA6000F5F7F0FF5520F5F7EDFF5520F5F7EAFF74
:10AA70008DF81B00F5F776FE9620F5F7D3FE9DF8CE
:10AA80001B0078B1042007B0BDE8F08F04F10C0082
:10AA9000807807B0BDE8F08F04F10F00807807B030
:10AAA000BDE8F08FCDE9006526464BEA092448EA67
:10AAB0000A25F5F75FFE7E20F5F7C4FFB620F5F70F
:10AAC000C1FFF5F74FFE5020F5F7AAFE20B229B2DC
:10AAD000411A40F25550814218DBDDE9042141EA78
:10AAE000022146EA072209B212B2891A81420DDB1D
:10AAF000DDE9021040EA0120DDE9002100B241EA6F
:10AB0000022109B2401AB0F52A7F03DA802007B08B
:10AB1000BDE8F08FF5F72EFE8020F5F793FF552066
:10AB2000F5F790FF5520F5F78DFF8DF81B00F5F731
:10AB300019FE9620F5F776FEF5F71CFE8020F5F756
:10AB400081FF5520F5F77EFF5520F5F77BFF8DF847
:10AB50001B00F5F707FE9620F5F764FE002007B00E
:10AB6000BDE8F08FB0B5F5F717FE8020F5F76AFF66
:10AB70005520F5F767FFF5F707FE9620F5F752FE2B
:10AB8000F5F70AFE8020F5F75DFF5520F5F75AFF2F
:10AB9000F5F7FAFD9620F5F745FEF5F7FDFD1420D3
:10ABA000F5F750FFB620F5F74DFFF5F7EDFD502016
:10ABB000F5F736FEF5F7F0FD8020F5F743FF552059
:10ABC000F5F740FFF5F7E0FD9620F5F72BFEF5F7DA
:10ABD000E3FD8020F5F736FF5520F5F733FF0446F7
:10ABE000F5F7D2FD9620F5F71DFE0F2C1CBFFF20B8
:10ABF000B0BDF5F7D1FD0F20F5F724FF0020F5F7E4
:10AC000021FFF5F7C1FD9620F5F70CFEF5F7C4FD21
:10AC10008F20F5F717FF5520F5F714FF0446F5F7D9
:10AC2000B3FD9620F5F7FEFD40F2D805C0F601050C
:10AC300014B1A878B0BD00BFF5F7AEFD1020F5F750
:10AC400001FF8220F5F7FEFEF5F79EFD9620F5F751
:10AC5000E9FDF5F7A1FD9020F5F7F4FE5520F5F795
:10AC6000F1FE0446F5F790FD9620F5F7DBFD822C0A
:10AC70001ED1F5F791FD1120F5F7E4FE0020F5F760
:10AC8000E1FEF5F781FD9620F5F7CCFDF5F784FDA3
:10AC90009120F5F7D7FE5520F5F7D4FE0446F5F7D9
:10ACA00073FD9620F5F7BEFD34B10635A878B0BD2A
:10ACB0000335A878B0BD00BFF5F76EFD1520F5F798
:10ACC000C1FE8020F5F7BEFEF5F75EFD9620F5F794
:10ACD000A9FDF5F761FD9520F5F7B4FE5520F5F7D0
:10ACE000B1FE0446F5F750FD9620F5F79BFD802C4C
:10ACF0001ED1F5F751FD1620F5F7A4FE0020F5F75B
:10AD0000A1FEF5F741FD9620F5F78CFDF5F744FD22
:10AD10009620F5F797FE5520F5F794FE0446F5F7D3
:10AD200033FD9620F5F77EFD34B10C35A878B0BD23
:10AD30000935A878B0BD00BFF5F72EFD1820F5F74E
:10AD400081FE0120F5F77EFEF5F71EFD9620F5F752
:10AD500069FDF5F721FD9820F5F774FE5520F5F70C
:10AD600071FE0446F5F710FD9620F5F75BFD012C0A
:10AD700004BF0020B0BD0F35A878B0BD10B5F5F701
:10AD80000BFD8020F5F75EFE5520F5F75BFEF5F72D
:10AD9000FBFC9620F5F746FDF5F7FEFC8020F5F765
:10ADA00051FE5520F5F74EFEF5F7EEFC9620F5F72F
:10ADB00039FDF5F7F1FC1420F5F744FEB620F5F760
:10ADC00041FEF5F7E1FC5020F5F72AFDF5F7E4FC2C
:10ADD0008020F5F737FE5520F5F734FEF5F7D4FC63
:10ADE0009620F5F71FFDF5F7D7FC8020F5F72AFE32
:10ADF0005520F5F727FEF5F7C7FC9620F5F712FD6D
:10AE0000F5F7CAFC3C20F5F71DFE0120F5F71AFE08
:10AE1000F5F7BAFC5020F5F703FDF5F7BDFCBC20B3
:10AE2000F5F710FE5520F5F70DFE0446F5F7ACFCDE
:10AE30009620F5F7F7FCA00700F19280F5F7ACFC3F
:10AE4000BC20F5F7FFFD5520F5F7FCFD0446F5F7AE
:10AE50009BFC9620F5F7E6FCA00700F18180F5F752
:10AE60009BFCBC20F5F7EEFD5520F5F7EBFD044605
:10AE7000F5F78AFC9620F5F7D5FCA00770D4F5F716
:10AE80008BFCBC20F5F7DEFD5520F5F7DBFD044615
:10AE9000F5F77AFC9620F5F7C5FCA00760D4F5F726
:10AEA0007BFCBC20F5F7CEFD5520F5F7CBFD044625
:10AEB000F5F76AFC9620F5F7B5FCA00750D4F5F736
:10AEC0006BFCBC20F5F7BEFD5520F5F7BBFD044635
:10AED000F5F75AFC9620F5F7A5FCA00740D4F5F746
:10AEE0005BFCBC20F5F7AEFD5520F5F7ABFD044645
:10AEF000F5F74AFC9620F5F795FCA00730D4F5F756
:10AF00004BFCBC20F5F79EFD5520F5F79BFD044654
:10AF1000F5F73AFC9620F5F785FCA00720D4F5F765
:10AF20003BFCBC20F5F78EFD5520F5F78BFD044664
:10AF3000F5F72AFC9620F5F775FCA00710D4F5F775
:10AF40002BFCBC20F5F77EFD5520F5F77BFD044674
:10AF5000F5F71AFC9620F5F765FC012101E000BF2A
:10AF60000021402000EA0410002918BF402010BD35
:10AF7000B0B58AB041F6646401200021C2F2000439
:10AF80006D460890CDE90610CDE90011CDE902111A
:10AF9000CDE9041120462946F6F7E2FA2046F6F7F5
:10AFA000D7FE20460221F6F771FA41F68C640E2096
:10AFB000C2F200040990059020462946F6F7D0FA1F
:10AFC0002046F6F7C5FE20460221F6F75FFA0AB0E2
:10AFD000B0BD000040F2F000C2F2000000684DF683
:10AFE0008361C4F21B31A0FB011244F6D351C1F2BC
:10AFF0006201A0FB0101900C40F20032C2F200029B
:10B00000107088095060704780B54EF2180140F208
:10B010000032CEF20001C2F2000251F804CC1278E4
:10B02000002302FB00FE08680AE000BF03449B1AED
:10B03000824228BF63447345104628BF80BD00BFCD
:10B040000A688242F2D10A688242EFD10A688242DB
:10B05000ECD10A688242F3D0E8E7000070B541F60F
:10B06000481600EBC005C2F2000656F8250006EBB4
:10B070008504606002F04CF9E17C46F825004A0640
:10B0800042BF01F0BF01E174E060A06960B1804798
:10B09000E17C48B1206A41F0A0010028E17408BFBA
:10B0A00070BDBDE87040004701F07F00E07470BDE6
:10B0B00040F2D84040F22002C2F20000C2F2000288
:10B0C00090ED057AD0ED060A92ED066AD2ED072AD8
:10B0D00090ED075AD2ED083A60EEA22A27EE066AF2
:10B0E00036EE226A65EE233A90ED024A33EE866A26
:10B0F00040F20441D2ED103A90ED013AD2ED0F2A20
:10B10000C2F2000190ED032A40F27C4081ED186A02
:10B1100024EE236AD2ED113AC2F2000063EE222A35
:10B12000D0ED091A72EE862A62EE233A73EEA22A55
:10B1300040F2C41372EEA11AC2F2000390ED140A99
:10B1400090ED151AC1ED0F1AD3ED001AD3ED012AB7
:10B1500090ED166AD3ED023A61EE222A60EE211AD2
:10B1600071EEA21A66EE232AD0ED0C3A72EEA11A05
:10B1700071EEA31AC1ED1B1AD2ED091AD2ED0A2AFB
:10B18000D2ED0B3A60EEA22A67EE211A71EEA21AF6
:10B1900065EE233AD2ED122A73EEA11AD2ED133ADC
:10B1A000C1ED191A64EE231A63EE222A72EEA11A77
:10B1B000D2ED142AD0ED0A3A62EE222A72EEA11ADA
:10B1C000D3ED032A71EEA31AD3ED043AC1ED101AA0
:10B1D00061EE231A60EE222A72EEA11AD3ED052A3F
:10B1E000D0ED0D3A66EE222A72EEA11A71EEA31A84
:10B1F000C1ED1C1AD2ED0D1AD2ED0C2A60EEA10A97
:10B20000D2ED0E1A27EE227A37EE207A25EE215A59
:10B2100035EE075A81ED1A5A92ED165A92ED157ACB
:10B2200024EE054A92ED175A23EE073A33EE043A1C
:10B2300022EE052A90ED0B4A32EE032A32EE042A62
:10B2400081ED112A93ED072A93ED063A21EE021AB9
:10B2500093ED082A20EE030A30EE010A26EE021AC8
:10B2600090ED0E2A31EE000A30EE020A81ED1D0A41
:10B270007047000010B540F20444C2F20004207888
:10B28000C00714D042F2AC40C2F20000816C0968E1
:10B290000968C9070BD1C06C00680068C00706D1F7
:10B2A000607880075CBFA0785FEA80704CD56078DA
:10B2B000C00714D042F2AC40C2F20000816C0968B1
:10B2C0000968C9070BD1C06C00680068C00706D1C7
:10B2D000207880075CBFA0785FEA807052D5A078A4
:10B2E000C00715D042F2AC40C2F20000816C096880
:10B2F0000968C90718BF10BDC06C00680068C007A6
:10B3000006D1207880075CBF60785FEA807001D545
:10B3100010BD00BFA078102100F0FE00A070A07842
:10B32000002240F00200A0700020C4F20200F7F7F3
:10B3300055F840F2200004F12001C2F2000004227E
:10B34000BDE81040FBF73EB92078012100F0FE0077
:10B3500020702078002240F0020004F8280B002022
:10B36000C4F2020000F58060F7F738F840F22000E0
:10B37000C2F20000043021460822BDE81040FBF76D
:10B3800021B900BF6078102100F0FE006070607885
:10B39000002240F0020060700020C4F20200F7F7C3
:10B3A0001DF840F22000C2F200000C3004F1300120
:10B3B0000922BDE81040FBF705B9000042F2045134
:10B3C000C2F200010968486370470000704700003E
:10B3D00080B584B0024601200DF10F01CDE90010C7
:10B3E00041F674704FF0640CC2F200001C2101237E
:10B3F000CDF808C0F7F7B0F89DF80F0004B080BD95
:10B4000080B584B002468DF80F1001200DF10F01B8
:10B41000CDE9001041F674704FF0640CC2F20000E8
:10B420001C210123CDF808C0F7F7C2F904B080BD94
:10B4300041F60000C4F2020040210122F6F7CEBF1F
:10B4400041F60000C4F2020040210022F6F7C6BF18
:10B450007047000000F08AB8B0B5FFF7B7FFFFF7FC
:10B46000F7FFFFF7EDFF3220FFF7F4FFFFF7E0FFF4
:10B470003220FFF7EFFF0020FFF7AAFF10281CBFC4
:10B480004020B0BD0120FFF7E5FF0B200821FFF7AA
:10B49000B7FF0120FFF7DEFF0B20FFF799FF0446FF
:10B4A0000120FFF7D7FF40F29405082CC0F60105F4
:10B4B00032D141200921FFF7A3FF0120FFF7CAFF86
:10B4C0004120FFF785FF04460120FFF7C3FF092C49
:10B4D00024D14220C021FFF793FF0120FFF7BAFFDC
:10B4E0004220FFF775FF04460120FFF7B3FFC02C91
:10B4F00018D10A200B21FFF783FF0120FFF7AAFFD5
:10B500000A20FFF765FF04460120FFF7A3FF0B2C7D
:10B5100004BF0020B0BD0935A878B0BD0335A878B8
:10B52000B0BD00BF0635A878B0BD0000F7F756FAE9
:10B53000FBF776FFFFF74EFDFAF7AEFCFAF702FCD9
:10B54000FAF7C0FBFAF76EFDFAF78EFDFAF7B6FDD3
:10B55000FAF782FBFAF72EFEFAF7D4FBFFF708FDA5
:10B56000FAF714FC00F00AF8FEE7000080B50128A5
:10B5700098BF012000F0A4FC002080BD80B500F041
:10B5800053FD002080BD0000B0B584B043698E46F5
:10B5900093B1846984B10589D0E9001C026928B29D
:10B5A000843D18BFC51CCDE9005360467346029424
:10B5B00000F0D4FE04B0B0BD0589D0E90013028AC2
:10B5C00028B2843D18BFC51C03AC18467346CDE9AC
:10B5D000005400F093FE0399012818BF002108468B
:10B5E00004B0B0BD28B940F26020C2F2000000688B
:10B5F00010B13430704700BF4FF0500080F3118815
:10B60000BFF36F8FBFF34F8FFEE70000F0B581B03F
:10B6100040F26024C2F200040E46676A21680546C3
:10B62000081D00F0DDFA18B1681C0CD016E000BF50
:10B6300020680121C06A626801FA00F022EA000075
:10B640006060681C0AD14EB154F8500B011D2046B1
:10B6500001B0BDE8F04000F025BB00BF2068ED1947
:10B66000456007D3606B2168043101B0BDE8F0404C
:10B6700000F0E6BA206B2168043100F0E1FA206A9C
:10B68000854238BF256201B0F0BD00002DE9F041D0
:10B69000044600F01FFB40F26026C2F2000630694B
:10B6A00042F24C75013030613068C2F2000548B199
:10B6B0007069002840D13068E16AC06A884298BF4A
:10B6C000346039E034603069012835D1284600F013
:10B6D000A7FA05F1140000F0A3FA05F1280000F024
:10B6E0009FFA05F13C0000F09BFA05F1500000F0D4
:10B6F00097FA05F1640000F093FA05F1780000F084
:10B700008FFA40F2DC38C2F20008404600F088FAB6
:10B7100008F11407384600F083FA06F1640000F0DF
:10B720007FFA06F13C0000F07BFA06F1500000F0D1
:10B7300077FAC6F8308077637068B168012201310A
:10B74000B160E16A8A401043706001EB810005EB53
:10B750008000211D00F0A6FA00F0E0FA706988B1BF
:10B760003068E16AC06A884228BFBDE8F0814EF6C1
:10B770000450CEF200004FF080510160BFF34F8FB4
:10B78000BFF36F8FBDE8F08140F2602542F24C7646
:10B790004EF60458C2F20005C2F20006CEF20008CE
:10B7A0004FF0805703E000BF204600F0CFFAE86872
:10B7B000D0B100F08FFAA86CC468201D00F010FA18
:10B7C000286901382861E8680138E86000F0A6FAC5
:10B7D00094F851000228EAD00128E5D070B9206B16
:10B7E00000F0B4FAE0E700BF30680228DFD3C8F801
:10B7F0000070BFF34F8FBFF36F8FD8E74FF050004B
:10B8000080F31188BFF36F8FBFF34F8FFEE7000007
:10B810002DE9F047DDE909878246386B089C00EB8B
:10B82000820004389946002920F0070644D00878A1
:10B8300087F83400D8B3487887F83500B8B38878EB
:10B8400087F8360098B3C87887F8370078B3087956
:10B8500087F8380058B3487987F8390038B38879C1
:10B8600087F83A0018B3C87987F83B00F8B1087A2E
:10B8700087F83C00D8B1487A87F83D00B8B1887A9B
:10B8800087F83E0098B1C87A87F83F0078B1087B06
:10B8900087F8400058B1487B87F8410038B1887B71
:10B8A00087F8420000281CBFC87B87F843000020AF
:10B8B00087F8430003E000BF002087F8340000252C
:10B8C000381D062C28BF0624FC62C7E9114500F08C
:10B8D000B3F907F1180000F0AFF984F00700B86180
:10B8E000304651464A463F617F62FD6487F85050BA
:10B8F00000F030F9B8F1000F386018BFC8F80070D8
:10B90000BDE8F08708480068006880F308884FF0B9
:10B91000000080F3148862B661B6BFF34F8FBFF3A7
:10B920006F8F00DF00BF000008ED00E081B0002055
:10B93000009040F2E810C2F2000000684FF05001A1
:10B9400081F31188BFF36F8FBFF34F8F013007D0A2
:10B95000FEE700BF009830B9009820B9009810B9F0
:10B9600000980028F6D001B07047000070B504467A
:10B9700000F0C0FB40F2D82CC2F2000CDCF804202E
:10B9800012B19CF8000020E042F2F470C2F2000014
:10B99000420700F5705200F1070122F0070218BFBC
:10B9A00021F007000021A2F10803CCE90601CCF840
:10B9B000043042E90211DCF80420191AC0E9002120
:10B9C0000120CCE902118CF800000025002C4FF07A
:10B9D000000148BF01215AD0084058D124F0070087
:10B9E00000F11003600708BF04F10803DCF8080049
:10B9F000591E81424BD2604650F818EFDEF80450D1
:10BA00009D422CD2DEF80010C1B174464D689D42B3
:10BA100018D20E68B6B175689D4217D23068A8B1C9
:10BA200045689D4216D20468A4B165689D4215D24E
:10BA30002168A6460029E9D111E000BF0CF11800E9
:10BA40000DE000BF8E46204609E000BFB64608461E
:10BA500005E000BF8646304601E000BFA646964599
:10BA600014D00268DEF80040E91A112904604FD3AF
:10BA70000EEB0305680719D04FF0500080F31188D2
:10BA8000BFF36F8FBFF34F8FFEE700BF002501F0BC
:10BA9000C9FC68075CD04FF0500080F31188BFF3F9
:10BAA0006F8FBFF34F8F00BFFEE700BF0CF1180090
:10BAB0006960CEF8043000BF0168A9420AD2086864
:10BAC000A8420BD20168A94204D208680B46A842DA
:10BAD000F2D304E00346084601E000BF0B465C6871
:10BAE00069681E19AE4202D121441D4659606C1886
:10BAF000844201D0044607E0DCF80440A04203D0B1
:10BB0000D0E9004008446860AB422C6018BF1D605B
:10BB1000DEF80400DCE9021302F10805091A994273
:10BB2000CCF8081038BFCCF80C109CF80010002995
:10BB30004FF0000118BF40F00040CEE90010DCF8E3
:10BB400010000130CCF8100001F06CFC6807A2D1A5
:10BB5000284670BD03464BF62D1021F00101C0F6BA
:10BB600000004FF0807C03E903106FF00201A3F1A5
:10BB7000440043E90912704770B50D46044600F0D1
:10BB8000A9F840F26026C2F200063068C06C90B995
:10BB90003068012180F850106DB12846FFF736FD5E
:10BBA0004EF60450CEF200004FF080510160BFF31A
:10BBB0004F8FBFF36F8F00F0B1F800F08BF8306853
:10BBC000C56C2DB131680020002C08BF681EC86408
:10BBD0003068002180F8501000F0A0F8284670BDB1
:10BBE0000169D0E90132D1F804C09A6084455360FC
:10BBF00008BF4A60002202610868013808600868CE
:10BC00007047000046F2F853C2F20003036046F2A8
:10BC1000F830C2F200000860802010607047000019
:10BC20004FF0FF31024642F8081F00214260C0E990
:10BC3000032201607047000000210161704700008D
:10BC400010B5D1F800C01CF1010213D000F10804B6
:10BC500062681368634511D853681C68644511D83D
:10BC60005A68146864450FD854682368A64663452B
:10BC7000EED90BE00269D2F804E007E096462246CE
:10BC800004E000BF9E4601E096461A46C1F804E073
:10BC9000CEF808108A6051600861016801310160C6
:10BCA00010BD0000D0F800C0436808619A68C1E97F
:10BCB0000132516099600CF1010101607047000090
:10BCC000DFF80C00016841F470010160704700006A
:10BCD00088ED00E04FF0500080F31188BFF36F8FC4
:10BCE000BFF34F8F40F2E810C2F2000001684A1C17
:10BCF000026009B1704700BF4EF60450CEF200005A
:10BD00000068000608BF70474FF0500080F31188AC
:10BD1000BFF36F8FBFF34F8FFEE7000040F2E810D4
:10BD2000C2F20000016839B10139016018BF7047E3
:10BD3000002080F3118870474FF0500080F3118885
:10BD4000BFF36F8FBFF34F8FFEE7000070B5002881
:10BD500008BF70BD40F2D824C2F20004217850F828
:10BD6000042C002918BF4FF0004111420ED0A0F161
:10BD700008052B68A3B14FF0500080F31188BFF382
:10BD80006F8FBFF34F8F00BFFEE700BF4FF0500033
:10BD900080F31188BFF36F8FBFF34F8FFEE700BFB3
:10BDA00022EA010140F8041C064600F0A3F956F807
:10BDB000040CA1680144A16004F118010B68AB42B6
:10BDC0000AD21968A94213D20B68AB4204D219688F
:10BDD0001A46A942F2D301E00A4619465368D6181A
:10BDE000AE420AD02B188B420DD00B4612E000BF9A
:10BDF0001A465368D618AE42F4D11844154650601E
:10BE00002B188B42F1D16368994203D0D1E90031FC
:10BE100008446860AA422B6018BF15606069013051
:10BE20006061BDE8704001F0FDBA00004EF2100004
:10BE3000CEF2000000210160816040F2F001C2F208
:10BE40000001096844F6D352C1F26202A1FB02125A
:10BE50004FF0FF3101EB9211416007210160704703
:10BE600040F2F820EFF305811029C2F2000011D34F
:10BE70004EF2F032CEF20002895C0278914209D291
:10BE80004FF0500080F31188BFF36F8FBFF34F8FD7
:10BE9000FEE700BF4EF60C51CEF200010968406883
:10BEA00001F4E061814298BF70474FF0500080F389
:10BEB0001188BFF36F8FBFF34F8F00BFFEE7000005
:10BEC00070B500283FD040F26024C2F20004A1699E
:10BED00051B14FF0500080F31188BFF36F8FBFF363
:10BEE0004F8F00BFFEE700BF0546A0690130A0618B
:10BEF000666A20680430FFF773FE48B12068AD1908
:10BF0000456012D3606B21680431FFF799FE15E09C
:10BF100020680121C06A626801FA00F022EA00008C
:10BF200060602068AD194560ECD2206B2168043157
:10BF3000FFF786FE206A854238BF256201F072FA5B
:10BF4000002818BF70BD4EF60450CEF200004FF02E
:10BF500080510160BFF34F8FBFF36F8F70BD000042
:10BF60002DE9F04120B304460F46FFF779FFEFF3C8
:10BF700011864FF0500080F31188BFF36F8FBFF32D
:10BF80004F8F022194F8500084F85010E16C012882
:10BF900001F10101E16442D1A06A98B14FF0500073
:10BFA00080F31188BFF36F8FBFF34F8FFEE700BFA1
:10BFB0004FF0500080F31188BFF36F8FBFF34F8FA6
:10BFC000FEE700BF40F26025C2F20005A86928B173
:10BFD00004F1180105F1640014E000BF04F1040845
:10BFE0004046FFF7FDFDE06A01216A688140114388
:10BFF000696042F24C7100EB8000C2F2000101EB7B
:10C0000080004146FFF74EFEE06A2968C96A88420F
:10C0100005D9002F1CBF012038600120A86286F3DB
:10C020001188BDE8F0810000B0B588B00020CDE9EE
:10C03000050006A805A904AAFFF7E4FD0598B8B312
:10C04000069C002C3ED05421049A0791079954294C
:10C0500042D107992063022084F8510007A80025E7
:10C06000CDE900504BF28970C0F600001FA10023FB
:10C070000294FFF7CDFB2046FFF708FB079940F23B
:10C080006020C2F20000C16179B14FF0500181F32C
:10C090001188BFF36F8FBFF34F8F4FF0FF310162F5
:10C0A00001214161456200F065F808B0B0BD00BFF4
:10C0B0004FF0500080F31188BFF36F8FBFF34F8FA5
:10C0C000FEE700BF4FF0500080F31188BFF36F8F81
:10C0D000BFF34F8FFEE700BF4FF0500080F3118891
:10C0E000BFF36F8FBFF34F8FFEE700BF49444C454E
:10C0F0000000000040F26020C2F2000081690131BE
:10C100008161704740F26020C2F20000816900291D
:10C110001EBF012181627047002181624168B1FA2E
:10C1200081F1C9B2C1F11F0142F24C7201EB8101F0
:10C13000C2F2000252F8213063B102EB8102516871
:10C1400002F108034968994251600DD0C968016045
:10C15000704700BF4FF0500080F31188BFF36F8F1E
:10C16000BFF34F8FFEE700BF49685160C9680160A7
:10C1700070470000B0B584B04EF2004CCEF2000C17
:10C180004CF27021C4F20F11DCF800294B1C9A42CA
:10C190000AD14FF0500080F31188BFF36F8FBFF3C7
:10C1A0004F8F00BFFEE700BFDCF800298A4209D1AB
:10C1B0004FF0500080F31188BFF36F8FBFF34F8FA4
:10C1C000FEE700BF9CF800100291FF218CF80010E0
:10C1D0009CF800108DF807109DF8071001F0500230
:10C1E00040F2F821C2F200010A7007224A609DF96C
:10C1F0000720B2F1FF3F6BDC032200BFD31C4B6072
:10C200009DF8070040008DF807009DF90700B0F188
:10C21000FF3F24DC931C4B609DF8070040008DF825
:10C2200007009DF90700B0F1FF3F18DC531C4B607D
:10C230009DF8070040008DF807009DF90700B0F158
:10C24000FF3F0CDC4A609DF80700043A40008DF87F
:10C2500007009DF90700B0F1FF3FCFDD131D032B51
:10C2600036D14FF44070486002988CF80000DCF83A
:10C27000200940F47000CCF82009DCF8200940F0D7
:10C280007040CCF82009FFF7D1FD40F2E814C2F26B
:10C29000000400252560FFF713FD4EF63470CEF242
:10C2A0000000016841F040410160FFF72BFBFFF700
:10C2B00029FF039520684FF0500181F31188BFF3E7
:10C2C0006F8FBFF34F8F013012D000BFFEE700BF6A
:10C2D0004FF0500080F31188BFF36F8FBFF34F8F83
:10C2E000FEE700BF039830B9039820B9039810B94E
:10C2F00003980028F6D0002004B0B0BD2DE9F0412D
:10C3000084B007469000984615460E46FFF72EFB70
:10C31000F8B104465420FFF729FBB8B1DDE90A2142
:10C320000023046380F85130CDE9002104463846EB
:10C3300031462A4643460294FFF76AFA2046FFF741
:10C34000A5F9012004B0BDE8F08100BF2046FFF749
:10C35000FDFC4FF0FF3004B0BDE8F08170B586B051
:10C360000B9CCCB10C9E0EB354250495049D542D0A
:10C3700026D1049DDDF828C0022586F8515005AD70
:10C380003463CDE900C50296FFF742FA3046FFF765
:10C390007DF9059806B070BD4FF0500080F311880C
:10C3A000BFF36F8FBFF34F8FFEE700BF4FF050001A
:10C3B00080F31188BFF36F8FBFF34F8FFEE700BF8D
:10C3C0004FF0500080F31188BFF36F8FBFF34F8F92
:10C3D000FEE700002DE9F04381B08146F4F778F8DC
:10C3E000102809D34FF0500080F31188BFF36F8FEE
:10C3F000BFF34F8FFEE700BF40F2602CC2F2000C8B
:10C40000DCF8180042F24C780130CCF81800C2F287
:10C410000008D8F87800002800F0A780D8F87C1031
:10C4200008F180034A68D8F884009A4208BF02469F
:10C43000D16800BF52689A4208BF0246C8F87C2003
:10C44000D56899F8006095F83470B74240F086805E
:10C45000002F2C4600F0838095F8357099F8016024
:10C46000B7427BD1002F2C4679D095F8367099F8D9
:10C470000260B74272D1002F2C4670D095F8377009
:10C4800099F80360B74269D1002F2C4667D095F820
:10C49000387099F80460B74260D1002F2C465ED006
:10C4A00095F8397099F80560B74257D1002F2C469E
:10C4B00055D095F83A7099F80660B7424ED1002FE2
:10C4C0002C464CD095F83B7099F80760B74245D19F
:10C4D000002F2C4643D095F83C7099F80860B7427D
:10C4E0003CD12C46DFB395F83D7099F80960B7420E
:10C4F00034D12C469FB395F83E7099F80A60B74244
:10C500002CD12C465FB395F83F7099F80B60B74279
:10C5100024D12C461FB395F8407099F80C60B742AF
:10C520001CD12C46DFB195F8417099F80D60B742E7
:10C5300014D12C469FB195F8427099F80E60B7421D
:10C540000CD12C465FB195F8437099F80F60B74253
:10C5500004D12C46002F18BF002400E00024002C3A
:10C5600040F0BF868D427FF465AFD8F864000028A4
:10C5700000F0A780D8F8681008F16C034A68D8F872
:10C5800070009A4208BF0246D16800BF52689A42C2
:10C5900008BF0246C8F86820D76899F8005097F895
:10C5A0003460AE4240F08680002E3C4600F083802E
:10C5B00097F8356099F80150AE427BD1002E3C4689
:10C5C00079D097F8366099F80250AE4272D1002EB9
:10C5D0003C4670D097F8376099F80350AE4269D165
:10C5E000002E3C4667D097F8386099F80450AE4268
:10C5F00060D1002E3C465ED097F8396099F805501E
:10C60000AE4257D1002E3C4655D097F83A6099F883
:10C610000650AE424ED1002E3C464CD097F83B60BF
:10C6200099F80750AE4245D1002E3C4643D097F8CA
:10C630003C6099F80850AE423CD13C46DEB397F8D6
:10C640003D6099F80950AE4234D13C469EB397F80C
:10C650003E6099F80A50AE422CD13C465EB397F842
:10C660003F6099F80B50AE4224D13C461EB397F878
:10C67000406099F80C50AE421CD13C46DEB197F8B0
:10C68000416099F80D50AE4214D13C469EB197F8E6
:10C69000426099F80E50AE420CD13C465EB197F81C
:10C6A000436099F80F50AE4204D13C46002E18BFAB
:10C6B000002400E00024002C40F013868F427FF419
:10C6C00065AFD8F85000002800F0A780D8F85410C3
:10C6D00008F158034A68D8F85C009A4208BF02463D
:10C6E000D16800BF52689A4208BF0246C8F8542079
:10C6F000D66899F8005096F83470AF4240F08680C2
:10C70000002F344600F0838096F8357099F8015078
:10C71000AF427BD1002F344679D096F8367099F825
:10C720000250AF4272D1002F344670D096F8377065
:10C7300099F80350AF4269D1002F344667D096F87C
:10C74000387099F80450AF4260D1002F34465ED063
:10C7500096F8397099F80550AF4257D1002F3446FA
:10C7600055D096F83A7099F80650AF424ED1002F46
:10C7700034464CD096F83B7099F80750AF4245D1FB
:10C78000002F344643D096F83C7099F80850AF42D9
:10C790003CD13446DFB396F83D7099F80950AF426A
:10C7A00034D134469FB396F83E7099F80A50AF42A0
:10C7B0002CD134465FB396F83F7099F80B50AF42D6
:10C7C00024D134461FB396F8407099F80C50AF420C
:10C7D0001CD13446DFB196F8417099F80D50AF4244
:10C7E00014D134469FB196F8427099F80E50AF427A
:10C7F0000CD134465FB196F8437099F80F50AF42B0
:10C8000004D13446002F18BF002400E00024002C7F
:10C8100040F067858E427FF465AFD8F83C00002871
:10C8200000F0A780D8F8401008F144034A68D8F80F
:10C8300048009A4208BF0246D16800BF52689A4237
:10C8400008BF0246C8F84020D76899F8005097F80A
:10C850003460AE4240F08680002E3C4600F083807B
:10C8600097F8356099F80150AE427BD1002E3C46D6
:10C8700079D097F8366099F80250AE4272D1002E06
:10C880003C4670D097F8376099F80350AE4269D1B2
:10C89000002E3C4667D097F8386099F80450AE42B5
:10C8A00060D1002E3C465ED097F8396099F805506B
:10C8B000AE4257D1002E3C4655D097F83A6099F8D1
:10C8C0000650AE424ED1002E3C464CD097F83B600D
:10C8D00099F80750AE4245D1002E3C4643D097F818
:10C8E0003C6099F80850AE423CD13C46DEB397F824
:10C8F0003D6099F80950AE4234D13C469EB397F85A
:10C900003E6099F80A50AE422CD13C465EB397F88F
:10C910003F6099F80B50AE4224D13C461EB397F8C5
:10C92000406099F80C50AE421CD13C46DEB197F8FD
:10C93000416099F80D50AE4214D13C469EB197F833
:10C94000426099F80E50AE420CD13C465EB197F869
:10C95000436099F80F50AE4204D13C46002E18BFF8
:10C96000002400E00024002C40F0BB848F427FF4C0
:10C9700065AFD8F82800002800F0A780D8F82C1060
:10C9800008F130034A68D8F834009A4208BF0246DA
:10C99000D16800BF52689A4208BF0246C8F82C20EE
:10C9A000D76899F8005097F83460AE4240F086801E
:10C9B000002E3C4600F0838097F8356099F80150CE
:10C9C000AE427BD1002E3C4679D097F8366099F87C
:10C9D0000250AE4272D1002E3C4670D097F83760BC
:10C9E00099F80350AE4269D1002E3C4667D097F8C3
:10C9F000386099F80450AE4260D1002E3C465ED0BB
:10CA000097F8396099F80550AE4257D1002E3C4650
:10CA100055D097F83A6099F80650AE424ED1002EA4
:10CA20003C464CD097F83B6099F80750AE4245D150
:10CA3000002E3C4643D097F83C6099F80850AE422F
:10CA40003CD13C46DEB397F83D6099F80950AE42C0
:10CA500034D13C469EB397F83E6099F80A50AE42F6
:10CA60002CD13C465EB397F83F6099F80B50AE422C
:10CA700024D13C461EB397F8406099F80C50AE4262
:10CA80001CD13C46DEB197F8416099F80D50AE429A
:10CA900014D13C469EB197F8426099F80E50AE42D0
:10CAA0000CD13C465EB197F8436099F80F50AE4206
:10CAB00004D13C46002E18BF002400E00024002CC6
:10CAC00040F00F848F427FF465AFD8F8140000283F
:10CAD00000F0A780D8F8181008F11C034A68D8F8AD
:10CAE00020009A4208BF0246D16800BF52689A42AD
:10CAF00008BF0246C8F81820D76899F8005097F880
:10CB00003460AE4240F08680002E3C4600F08380C8
:10CB100097F8356099F80150AE427BD1002E3C4623
:10CB200079D097F8366099F80250AE4272D1002E53
:10CB30003C4670D097F8376099F80350AE4269D1FF
:10CB4000002E3C4667D097F8386099F80450AE4202
:10CB500060D1002E3C465ED097F8396099F80550B8
:10CB6000AE4257D1002E3C4655D097F83A6099F81E
:10CB70000650AE424ED1002E3C464CD097F83B605A
:10CB800099F80750AE4245D1002E3C4643D097F865
:10CB90003C6099F80850AE423CD13C46DEB397F871
:10CBA0003D6099F80950AE4234D13C469EB397F8A7
:10CBB0003E6099F80A50AE422CD13C465EB397F8DD
:10CBC0003F6099F80B50AE4224D13C461EB397F813
:10CBD000406099F80C50AE421CD13C46DEB197F84B
:10CBE000416099F80D50AE4214D13C469EB197F881
:10CBF000426099F80E50AE420CD13C465EB197F8B7
:10CC0000436099F80F50AE4204D13C46002E18BF45
:10CC1000002400E00024002C40F063838F427FF466
:10CC200065AFD8F80000002800F0B180D8F8040003
:10CC300008F108034068D8F80C20984208BF104655
:10CC4000D0F80CE04068984208BF1046C168C8F8A8
:10CC5000040091F8344099F80050AC4240F09080C4
:10CC6000002C0C4600F08D8091F8354099F8015069
:10CC7000AC4240F08580002C0C4600F0828091F898
:10CC8000364099F80250AC427AD1002C0C4678D04C
:10CC900091F8374099F80350AC4271D1002C0C4602
:10CCA0006FD091F8384099F80450AC4268D1002C0C
:10CCB0000C4666D091F8394099F80550AC425FD1E6
:10CCC000002C0C465DD091F83A4099F80650AC42E1
:10CCD00056D1002C0C4654D091F83B4099F807509F
:10CCE000AC424DD1002C0C464BD091F83C4099F809
:10CCF0000850AC4244D1002C0C4642D091F83D4043
:10CD000099F80950AC423BD1002C0C4639D091F82F
:10CD10003E4099F80A50AC4232D1002C0C4630D03B
:10CD200091F83F4099F80B50AC4229D1002C0C46A9
:10CD300027D091F8404099F80C50AC4220D1002CFB
:10CD40000C461ED091F8414099F80D50AC4217D1D5
:10CD5000002C0C4615D091F8424099F80E50AC4288
:10CD60000ED1002C0C460CD091F8434099F80F508E
:10CD7000AC4205D1002C0C4618BF002401E000BFD6
:10CD80000024002C40F0AD8271457FF45BAFDCF8ED
:10CD900030100868002800F0A480486801F10803FA
:10CDA00042689A4208BF5268D06800BF52689A42EF
:10CDB0004A6001D152684A60D76899F8005097F8E4
:10CDC0003460AE4240F08680002E3C4600F0838006
:10CDD00097F8356099F80150AE427BD1002E3C4661
:10CDE00079D097F8366099F80250AE4272D1002E91
:10CDF0003C4670D097F8376099F80350AE4269D13D
:10CE0000002E3C4667D097F8386099F80450AE423F
:10CE100060D1002E3C465ED097F8396099F80550F5
:10CE2000AE4257D1002E3C4655D097F83A6099F85B
:10CE30000650AE424ED1002E3C464CD097F83B6097
:10CE400099F80750AE4245D1002E3C4643D097F8A2
:10CE50003C6099F80850AE423CD13C46DEB397F8AE
:10CE60003D6099F80950AE4234D13C469EB397F8E4
:10CE70003E6099F80A50AE422CD13C465EB397F81A
:10CE80003F6099F80B50AE4224D13C461EB397F850
:10CE9000406099F80C50AE421CD13C46DEB197F888
:10CEA000416099F80D50AE4214D13C469EB197F8BE
:10CEB000426099F80E50AE420CD13C465EB197F8F4
:10CEC000436099F80F50AE4204D13C46002E18BF83
:10CED000002400E00024002C40F0038287427FF40D
:10CEE00065AFDCF834100868002800F0A4804868BA
:10CEF00001F1080342689A4208BF5268D06800BF37
:10CF000052689A424A6001D152684A60D76899F8DB
:10CF1000005097F83460AE4240F08680002E3C46C8
:10CF200000F0838097F8356099F80150AE427BD1CC
:10CF3000002E3C4679D097F8366099F80250AE4200
:10CF400072D1002E3C4670D097F8376099F80350A4
:10CF5000AE4269D1002E3C4667D097F8386099F808
:10CF60000450AE4260D1002E3C465ED097F8396046
:10CF700099F80550AE4257D1002E3C4655D097F84F
:10CF80003A6099F80650AE424ED1002E3C464CD045
:10CF900097F83B6099F80750AE4245D1002E3C46C9
:10CFA00043D097F83C6099F80850AE423CD13C46DB
:10CFB000DEB397F83D6099F80950AE4234D13C4653
:10CFC0009EB397F83E6099F80A50AE422CD13C4689
:10CFD0005EB397F83F6099F80B50AE4224D13C46BF
:10CFE0001EB397F8406099F80C50AE421CD13C46F5
:10CFF000DEB197F8416099F80D50AE4214D13C462D
:10D000009EB197F8426099F80E50AE420CD13C4662
:10D010005EB197F8436099F80F50AE4204D13C4698
:10D02000002E18BF002400E00024002C40F059819D
:10D0300087427FF465AFDCF85000002800F0A7803D
:10D04000DCF854100CF158024968DCF85C0091429D
:10D0500008BF0146CB684968914208BF0146CCF839
:10D060005410CF6899F8005097F83460AE4240F001
:10D070008780002E3C4600F0848097F8356099F850
:10D080000150AE427CD1002E3C467AD097F83660F3
:10D0900099F80250AE4273D1002E3C4671D097F8F9
:10D0A000376099F80350AE426AD1002E3C4668D0F2
:10D0B00097F8386099F80450AE4261D1002E3C4692
:10D0C0005FD097F8396099F80550AE4258D1002EDC
:10D0D0003C4656D097F83A6099F80650AE424FD188
:10D0E000002E3C464DD097F83B6099F80750AE4271
:10D0F00046D1002E3C4644D097F83C6099F8085041
:10D10000AE423DD13C46E6B397F83D6099F80950F0
:10D11000AE4235D13C46A6B397F83E6099F80A5026
:10D12000AE422DD13C4666B397F83F6099F80B505C
:10D13000AE4225D13C4626B397F8406099F80C5092
:10D14000AE421DD13C46E6B197F8416099F80D50CA
:10D15000AE4215D13C46A6B197F8426099F80E5000
:10D16000AE420DD13C4666B197F8436099F80F5036
:10D17000AE4205D13C46002E18BF002401E000BF9E
:10D180000024002C40F0AD809F427FF464AFDCF8B7
:10D190003C000024002800F0A480DCF840100CF1D2
:10D1A00044024968DCF84800914208BF0146CB6858
:10D1B0004968914208BF0146CCF84010CF6899F801
:10D1C000005097F83460AE4240F08680002E3C4616
:10D1D00000F0838097F8356099F80150AE427BD11A
:10D1E000002E3C4679D097F8366099F80250AE424E
:10D1F00072D1002E3C4670D097F8376099F80350F2
:10D20000AE4269D1002E3C4667D097F8386099F855
:10D210000450AE4260D1002E3C465ED097F8396093
:10D2200099F80550AE4257D1002E3C4655D097F89C
:10D230003A6099F80650AE424ED1002E3C464CD092
:10D2400097F83B6099F80750AE4245D1002E3C4616
:10D2500043D097F83C6099F80850AE423CD13C4628
:10D26000DEB397F83D6099F80950AE4234D13C46A0
:10D270009EB397F83E6099F80A50AE422CD13C46D6
:10D280005EB397F83F6099F80B50AE4224D13C460C
:10D290001EB397F8406099F80C50AE421CD13C4642
:10D2A000DEB197F8416099F80D50AE4214D13C467A
:10D2B0009EB197F8426099F80E50AE420CD13C46B0
:10D2C0005EB197F8436099F80F50AE4204D1002444
:10D2D000002E08BF3C4600E0002414B99F427FF4B2
:10D2E00067AF00F09FF8204601B0BDE8F083000072
:10D2F00040F26020C2F20000416900290FBF012006
:10D300008069B0FA80F0400918BF40007047000003
:10D3100040F26020C2F20000406A70472DE9F047F9
:10D3200040F26026C2F20006B06928B1F06A01300E
:10D33000F0620020BDE8F087706A10F1010AC6F8BB
:10D3400024A020D3306B006850B14FF0500080F320
:10D350001188BFF36F8FBFF34F8F00BFFEE700BF91
:10D36000306B716B31637063B06B0130B063306BE5
:10D37000006828B1306BC068C068406802E000BF38
:10D380004FF0FF303062306A42F24C788245C2F290
:10D39000000801D2002434E0306B0024006868B338
:10D3A0004FF0010916E000BFF86A716809FA00F24F
:10D3B000114300EB8000716008EB80002946FEF706
:10D3C00071FCF86A3168C96A326B8842106828BFFC
:10D3D0004C4698B1306BC068C7683D4655F8040F9D
:10D3E00082450DD32846FEF7FBFBB86A0028DBD048
:10D3F00007F11800FEF7F4FBD6E700BF4FF0FF304F
:10D4000030623068C06A00EB800058F820000128C4
:10D4100088BF0124B06A002818BF01242046BDE857
:10D42000F08700002DE9F04140F26025C2F20005CE
:10D43000A86968B1FEF74EFCA8690138A861A8691F
:10D4400080B10024FEF76AFC2046BDE8F08100BFF1
:10D450004FF0500080F31188BFF36F8FBFF34F8FF1
:10D46000FEE700BF28690028EBD0686E78B342F26F
:10D470004C780126C2F20008286FC76807F118002F
:10D48000FEF7AEFB3C1D2046FEF7AAFBF86A696872
:10D4900006FA00F2114300EB8000696008EB80009F
:10D4A0002146FEF7FFFBF86A2968C96A884228BF4F
:10D4B000AE62686E0028DFD1286B006820B1286B4F
:10D4C000C068C068406801E04FF0FF302862EC6A35
:10D4D0004CB10126FFF722FF002818BFAE62013CC5
:10D4E000F8D10020E862A86A0028AAD04EF60450BD
:10D4F000CEF200004FF080510160BFF34F8F012446
:10D50000BFF36F8FFEF70AFC2046BDE8F081F0EE16
:10D51000400AF5EEC00AF1EE10FA02DDB0EE600A44
:10D520007047B1EE600AFBE770B52DED0C8B84B04F
:10D5300006460C4615469FED990AF0EE408A9FED8F
:10D54000970AB0EE409A9FED950AF0EE40BA9FED33
:10D55000930AF0EE409A9FED910AB0EE40AA0EB108
:10D5600004B11DB904B0BDEC0C8B70BD8C48F3F751
:10D57000E1F88C48F3F7E4F88A48D0ED000A9FED13
:10D580008A1A60EE810AB0EE600AF3F7E9F8F0EE6D
:10D59000408A28EEA80AF0EE408A8248D0ED000AC0
:10D5A000B0EE001A60EE810A9FED7F1A60EE810AEC
:10D5B000B0EE600AF3F7D4F8B0EE409A29EE090A0B
:10D5C000B0EE409ADFED790AB7EE000A00EEA80A45
:10D5D000DFED770A00EEC90ADFED760A20EE200AB9
:10D5E000754880ED000A6E4890ED000ADFED730A81
:10D5F00080EE201AB7EE000A31EE000A20EE000A93
:10D600006D48D0ED000A80EE801A6D4880ED001A5A
:10D6100094ED000AB5EEC00AF1EE10FA0DD194EDCA
:10D62000010AB5EEC00AF1EE10FA06D194ED020A35
:10D63000B5EEC00AF1EE10FA46D09FED580AB0EEF2
:10D64000408A0020019002900390D4ED000A60EE21
:10D65000A00A94ED011AD4ED011A41EE210A94EDCD
:10D66000021AD4ED021A41EE210AB0EE600AF3F775
:10D670006FF8B0EE408A94ED000A20EE080A8DEDB6
:10D68000010A94ED010A20EE080A8DED020A94EDDC
:10D69000020A20EE080A8DED030ADDED010AF1EE23
:10D6A000600AB0EE600AF3F73FF8F0EE409A9DEDA5
:10D6B000031AF0EE410A9DED021AB0EE410AF3F7AB
:10D6C00035F8B0EE40AA07E09FED340AF0EE409A3C
:10D6D0009FED320AB0EE40AA95ED000AB5EEC00A01
:10D6E000F1EE10FA0DD195ED010AB5EEC00AF1EE9A
:10D6F00010FA06D195ED020AB5EEC00AF1EE10FA65
:10D700003CD0B0EE690AF3F72BF8B0EE408AB0EEE9
:10D71000690AF3F70DF8B0EE40DAB0EE4A0AF3F713
:10D720001FF8F0EE40AAB0EE4A0AF3F701F8B0EEA7
:10D7300040BA28EE2A0AD5ED010A20EE200AD5EDDE
:10D74000000A0DEE200A68EE0B0A95ED021A00EEB3
:10D75000810AB0EE40CA95ED010A20EE0B0AD5ED24
:10D76000020A0AEEE00AF0EE40CAF0EE6C0AB0EEF1
:10D770004C0AF2F7DBFFF0EE40BA03E09FED070A38
:10D78000F0EE40BAB0EE4A1AF0EE690AB0EE6B0A5B
:10D79000304600F0E9FD00BFE4E6000000000000B4
:10D7A000000000200400002035FA8E3CC1BFAD3BD4
:10D7B0009DF8C5362F7C1C4108000020506CC24AE1
:10D7C0000C0000202DE9F0412DED028B9AB00546AA
:10D7D000B0EE408A0E4617469846002017901890E3
:10D7E00019901490159016904DB146B13FB1B8F113
:10D7F000000F04D0B5EEC08AF1EE10FA05D100207A
:10D800001AB0BDEC028BBDE8F08196ED000A8DEDFB
:10D81000170A96ED010A8DED180A96ED020A8DEDB4
:10D82000190A97ED000A8DED140A97ED010A8DEDA6
:10D83000150A97ED020A8DED160A17AA14A92846B3
:10D8400000F0E4FB402104A8F2F761FE0020009004
:10D85000019002900390002417A904A800F00FFF84
:10D8600000BF30E004A800EB041090ED000AD5EDF5
:10D87000000A20EE200A04A800EB0410D0ED010AF3
:10D8800095ED011A00EE810A04A800EB0410D0ED1A
:10D89000020A95ED021A00EE810A04A800EB0410BA
:10D8A000D0ED030A95ED031A00EE810A20EE080A76
:10D8B000F0EE000A80EE201A684600EB840080ED4E
:10D8C000001A601CC4B2042CCCDB002410E005EB71
:10D8D000840090ED000A684600EB8400D0ED000A59
:10D8E00030EE200A05EB840080ED000A601CC4B213
:10D8F000042CECDB284600F061FE012080E74100AB
:10D90000080218BF04200A0E18BF40F001004FF0B3
:10D910007F4232EA010108BF40F00200012808BF3F
:10D920000520704710B54FF00E402DED028BB0EE84
:10D93000408A18EE104A00EB4400B0F1506F4AD80C
:10D940004FF0FC40B0EB440F22D2B0EEC80AF7EE25
:10D95000000A30EEC00AF6EE000A60EE208A18EEE9
:10D96000900A00F06DFE01EE100A14F0004F1DBF8A
:10D97000DFED2D0A9FED2D0AB1EE411ADFED2C0AE5
:10D9800008BF9FED2C0AF8EE001A21EE218A05E06F
:10D99000DFED290A68EE088AB0EE600A9FED271ACB
:10D9A000DFED271A30EE080A48EE811A9FED251A9E
:10D9B00008EEA11ADFED241A48EE811A9FED231A12
:10D9C00008EEA11A68EE281ABDEC028B01EE810A5E
:10D9D00030EE200A10BD4FF0E440B0EB440F0CD9FC
:10D9E00018EE100AFFF78BFF042808BF00F05CFA5E
:10D9F000B0EE480ABDEC028B10BD4FF07F40B0EB9B
:10DA0000440F07D2B0EE480ABDEC028BBDE81040CF
:10DA100000F03CBA0120F2F7A9FDBDEC028BBDE895
:10DA2000104000F039BA00000000C9BF22AAFDB9B9
:10DA30000000C93F22AAFD390000000024FE1C3D61
:10DA4000C78AD83C1E67383D1B93993DAFAA2A3E32
:10DA500070B54FF068422DED048BF0EE408A18EE61
:10DA6000900AB0EE608A18EE101A02EB4003B3F190
:10DA7000654F3CBF02EB4102B2F1654F7DD200BF62
:10DA8000C0F3C753C1F3C7529A1A1B2A09DD10F01D
:10DA9000004F14BF9FED830A9FED830ABDEC048BFA
:10DAA00070BD12F11A0F36DA11F0004F09D010F0E4
:10DAB000004F0CBF9FED7D0A9FED7D0ABDEC048BEE
:10DAC00070BD88EE889A19EE100AFFF718FF042837
:10DAD00008BF00F0E9F918EE900AFFF710FF0546BD
:10DAE00018EE100AFFF70BFF044619EE100AFFF7B5
:10DAF00006FF042D18BF052D08D1042C18BF052CD6
:10DB000004D1002804BF0220F2F730FDB0EE490A2C
:10DB1000BDEC048B70BD4200B2EB410F3AD910F05E
:10DB2000004F19BFDFED630A9FED630ADFED630A63
:10DB30009FED630AB0EE481A0A46B1EE688A80F09B
:10DB40000041F0EE418A10460A1A5200B2F1807F7D
:10DB500034D2484010F0004FDFED5A1A9FED5A2A98
:10DB60001DBFBEEE001A70EEE10A30EE420AB6EEBC
:10DB7000001A08BF70EEA10A00E040E008BF30EED6
:10DB8000020AB0EE682A01EE482A08EE818AC2EE47
:10DB9000081A15E011F0004F04BF9FED4C0AF0EE9B
:10DBA000400AD1D010F0004F19BFDFED490A9FEDB8
:10DBB000490ADFED490A9FED490AC5E7C8EE881A10
:10DBC00021EEA11A9FED462ADFED462A41EE022AF8
:10DBD0009FED452A01EE222ADFED442A41EE022A7A
:10DBE0009FED432ABDEC048B01EE222A21EE811A1F
:10DBF00001EE020A30EE210A30EE200A70BD4FF02D
:10DC00007F42B2EB400F28BFB2EB410F09D2F0EEDA
:10DC1000480AB0EE680ABDEC048BBDE8704000F025
:10DC200038B940EA01035B0008BF41F0FF410BD067
:10DC3000B2EB400F08BFB2EB410F08D120F080409B
:10DC400008EE900A21F0804108EE101A18E7B2EBB6
:10DC5000400F12BF5FEA410340F0FF4001F0004176
:10DC60003FF40EAFB2EB410F12BF5FEA400200F08B
:10DC7000004041F0FF413FF403AF4A0092EA400305
:10DC80003FF5FEAE002AACBF9FED1A0A9FED1A0ABF
:10DC900068EE808A28EE008A18EE900A18EE101AB4
:10DCA000EEE60000DB0FC9BFDB0FC93FDB0F4940C9
:10DCB000DB0F49C00000C9BF22AAFDB90000C93F5F
:10DCC00022AAFD390060ED3EC30ACE3700000000F5
:10DCD000000049C022AA7DBA0000494022AA7D3A2C
:10DCE0002DAD65BD8FB8D53D0FB511BE61C84C3E99
:10DCF000A8AAAABE0000804F0000802F00B510EE39
:10DD0000101A2DED028B81B0524A6846B2EB410FDA
:10DD10002ED94FF0E640B0EB410F94BF00204FF0FA
:10DD2000FF3000900098B0EE408A00286ADB10F0C7
:10DD3000010F4BD068EE080A9FED471A9FED470A86
:10DD400000EE810A9FED461A10F0020F00EE801AD5
:10DD5000B7EE000A00EE810A02BF01B0BDEC028BF3
:10DD600000BD00BF01B0B1EE400ABDEC028B00BDAA
:10DD70003C4B21F00042934241D911F0004FDFEDBE
:10DD80003A0A20EE201ADFED390A19BF31EE601A87
:10DD900071EE200A31EE201A71EE600ABDEEE01A33
:10DDA00011EE100A9FED321A00F0030000EEC10AD6
:10DDB0009FED301A009000EEC10A9FED2F1A00EE81
:10DDC000C10A9FED2E1A00EEC10AABE728EE080A41
:10DDD0009FED2B1ADFED2B0A10F0020F40EE010A27
:10DDE0009FED291A00EE201A61EE000AB0EE480AF3
:10DDF00008EE200AB6D101B0BDEC028B00BD00F0E8
:10DE00005BF88FE718EE100A4000B0F17F4F0DD29B
:10DE100018EE100AFFF773FD042808BF00F044F85D
:10DE2000B0EE480A01B0BDEC028B00BD09D1012063
:10DE3000F2F79CFB01B0BDEC028B5DF804EB00F047
:10DE40002BB801B0B0EE480ABDEC028B5DF804EBD4
:10DE500000F01CB8B61F927EB93AB2BACA9F2A3DEA
:10DE6000DDFFFFBE490E494683F9223F0000004B0B
:10DE70000000C93F00A0FD390020A2331A61342CF4
:10DE8000336D4CB9DA82083CA0AA2ABE30EE000AF3
:10DE9000704730EE200A7047DFED020A80EEA00ADC
:10DEA00070470000000000009FED020A20EE000A0B
:10DEB00070470000000000102DE9F0014FF07F4294
:10DEC000B2EB410F9FBF4FF0FF310160BDE8F001A1
:10DED00070474FF0004242EA0123C1F3C752783A3B
:10DEE000551112F01F0C434CCCF120067C44C1F3B9
:10DEF000C752A2F178024FEA621204EB820254F890
:10DF0000254008BFD2E9015612D0556804FA0CF436
:10DF100025FA06F73C43976805FA0CF527FA06F848
:10DF2000D26807FA0CFCF24045EA08054CEA020602
:10DF3000A4FB034CA5FB0352A6FB03631D449D42B7
:10DF400034BF012600261319334416B1934202D977
:10DF500003E0934201D2012200E00022624402F178
:10DF6000200C9206DC0C42EA443200EE102A5B03DD
:10DF7000DFED210AF8EEC01A00EE103A4FEA9C1CC1
:10DF800011F0004FB8EE400AC0F800C020EE201A91
:10DF900000EE105ADFED190AB8EE400A20EE200A12
:10DFA00071EE810A70EE800A10EE902A02F500628E
:10DFB0006FF30B0200EE902A70EEE11A31EEC11AF7
:10DFC000DFED101A30EE411A9FED0D0A20EE800AA7
:10DFD00001EE210A9FED0C1A00EE810A04BFBDE894
:10DFE000F0017047CCF180510160BDE8F001B1EE65
:10DFF000400A704744210000000000360000802CD9
:10E0000022AAFD29DB0FC92F0000C92F70B52DED05
:10E01000028B8AB005460C4616460DB104B11EB9F6
:10E020000AB0BDEC028B70BD94ED000AB5EEC00ADB
:10E03000F1EE10FA0DD194ED010AB5EEC00AF1EE41
:10E0400010FA06D194ED020AB5EEC00AF1EE10FA0C
:10E050007DD09FED600AB0EE408A002007900890C6
:10E0600009900490059006905B4A07CA01AB07C36C
:10E0700095ED010AD5ED030A20EE200AD5ED000A40
:10E0800095ED021A00EEC10AF0EE000A20EE200A19
:10E090008DED070A95ED000AD5ED010A20EE200A64
:10E0A000D5ED020A95ED031A00EE810AF0EE000AA2
:10E0B00020EE200A8DED080A95ED000A20EE000AF8
:10E0C000D5ED030A95ED031A00EE810AF7EE000A7A
:10E0D000B0EE001A51EE000ACDED090A01AB22465E
:10E0E0003146284600F07AF8D4ED000A60EEA00A26
:10E0F00094ED011AD4ED011A41EE210A94ED021AB1
:10E10000D4ED021A41EE210AB0EE600AF2F720FBCC
:10E11000B0EE408A94ED000A20EE080A84ED000A71
:10E1200094ED010A20EE080A84ED010A94ED020A3A
:10E1300020EE080A84ED020A94ED010ADDED090AD9
:10E1400020EE200AD4ED020A9DED081A00E03EE020
:10E1500000EEC10A8DED040A94ED020ADDED070A16
:10E1600020EE200AD4ED000A9DED091A00EEC10A46
:10E170008DED050A94ED000ADDED080A20EE200A77
:10E18000D4ED010A9DED071A00EEC10A8DED060AD5
:10E1900096ED000ADDED010A9DED041A00EE810AFC
:10E1A00086ED000A96ED010ADDED020A9DED051AE5
:10E1B00000EE810A86ED010A96ED020ADDED030A02
:10E1C0009DED061A00EE810A86ED020A00BF00BF2F
:10E1D00026E700000000000024F800082DE9F041C7
:10E1E0002DED048B07460D4614461E469FED580A3A
:10E1F000B0EE409A9FED560AB0EE408A9FED540A69
:10E20000F0EE408AD4ED000A60EEA00A94ED011A07
:10E21000D4ED011A41EE210A94ED021AD4ED021A4E
:10E2200041EE210AB0EE600AF2F792FAF7EE000A28
:10E2300080EE801AB0EE419AD5ED000AB0EE600A89
:10E24000FFF765F9F0EE409AD5ED010AB0EE600AED
:10E25000FFF75DF979EE809AD5ED020AB0EE600A1B
:10E26000FFF755F939EE800AF0EE408A3948D0EDD3
:10E27000000A79EE600AB0EE600AFFF748F9B0EEE6
:10E28000408A9FED350AB4EEC08AF1EE10FA06DC42
:10E290009FED320AF4EEC08AF1EE10FA53DD9FEDE5
:10E2A0002C2AB0EE420A9FED2A2AF0EE421AB7EE6F
:10E2B000002AF0EE420A9FED262AB0EE421AB5EE91
:10E2C000C08AF1EE10FA05DD9FED232AC2EE082A7E
:10E2D000B0EE620A9FED222AB4EEC20AF1EE10FA05
:10E2E00003D29FED1B2AB0EE420AF5EEC08AF1EE92
:10E2F00010FA05DD9FED192AC2EE282AF0EE621A07
:10E30000B7EE002AB4EEC20AF1EE10FA03D220EE04
:10E31000802AF0EE420AB7EE002AF4EEC21AF1EEBD
:10E3200010FA03D220EEA12AF0EE420A9FED0D2A48
:10E3300020EE822AB0EE421A86ED001A86ED011A0E
:10E3400086ED021A00BFBDEC048BBDE8F081000031
:10E35000000000000C000020CDCCCC3D8FC2F53D6C
:10E360009A99993ECDCC4C3E10B52DED048B86B0DC
:10E370000446B0EE408AF0EE608AB0EE419A00208A
:10E38000039004900590009001900290B0EE000A76
:10E39000C8EE000AF0EE609AB0EE690AF2F7C8F92A
:10E3A0008DED030AB0EE000AC8EE800AF0EE609A26
:10E3B000B0EE690AF2F7BCF98DED040AB0EE000A7E
:10E3C000C9EE000AF0EE609AB0EE690AF2F7B0F911
:10E3D0008DED050AB0EE000AC8EE000AF0EE609A74
:10E3E000B0EE690AF2F7BCF98DED000AB0EE000A52
:10E3F000C8EE800AF0EE609AB0EE690AF2F7B0F962
:10E400008DED010AB0EE000AC9EE000AF0EE609A46
:10E41000B0EE690AF2F7A4F98DED020A9DED050A46
:10E42000DDED040A20EE200ADDED030A20EE200ACD
:10E43000DDED020A9DED011A60EE810A9DED001AE4
:10E4400000EE810A84ED000A9DED020ADDED040A6A
:10E4500020EE200ADDED030A20EE200ADDED050A9C
:10E460009DED011A60EE810A9DED001A00EEC10AD1
:10E4700084ED010A9DED050ADDED010A20EE200A7A
:10E48000DDED030A20EE200ADDED020A9DED041AFF
:10E4900060EE810A9DED001A00EE810A84ED020A09
:10E4A0009DED050ADDED040A20EE200ADDED000AEF
:10E4B00020EE200ADDED020A9DED011A60EE810AD0
:10E4C0009DED031A00EEC10A84ED030A06B0BDEC0F
:10E4D000048B10BD2DE9F04104460D4616461F463B
:10E4E00014B10DB106B10FB9BDE8F081D4ED010A48
:10E4F00094ED031A60EE810A94ED001AD4ED021A2D
:10E5000041EE610AB8EE001A60EE810AB0EE600AD0
:10E51000F2F70AF986ED000A94ED001A21EE011ACD
:10E52000D4ED011A94ED012A01EE821AF7EE001AD9
:10E53000B0EE002A52EE011AF0EE610A94ED001AD4
:10E54000D4ED031A21EE211AD4ED011A94ED022A1A
:10E5500001EE821AF0EE001A21EE211AB0EE410A05
:10E56000F2F7E4F885ED000A94ED001A21EE011AA5
:10E57000D4ED031A94ED032A01EE821AF7EE001A85
:10E58000B0EE002A52EE011AF0EE610A94ED001A84
:10E59000D4ED011A21EE211AD4ED021A94ED032ACA
:10E5A00001EE821AF0EE001A21EE211AB0EE410AB5
:10E5B000F2F7BCF887ED000A00BF95E710B52DED26
:10E5C000028B04469FED1D0AB0EE408AD4ED000A8E
:10E5D00060EEA00A94ED011AD4ED011A41EE210A71
:10E5E00094ED021AD4ED021A41EE210A94ED031AB9
:10E5F000D4ED031A41EE210AB0EE600AF2F7A8F852
:10E60000B0EE408A94ED000A20EE080A84ED000A7C
:10E6100094ED010A20EE080A84ED010A94ED020A45
:10E6200020EE080A84ED020A94ED030A20EE080A9F
:10E6300084ED030ABDEC028B10BD00000000000059
:10E6400010B500EE100A2DED028BB1EEC08A18EE67
:10E65000100A20F00040C0F1FF40C00F0AD010EEB9
:10E66000100A20F00040C0F1FF40C00F04BF01209D
:10E67000F1F77CFF18EE100ABDEC028B10BD91ED96
:10E68000000AB1EE400A80ED010A91ED010AB1EEF7
:10E69000400A80ED020A91ED020AB1EE400A80EDD7
:10E6A000030A91ED000A80ED040A91ED020A80ED63
:10E6B000060A91ED010AB1EE400A80ED070A91EDDC
:10E6C000010A80ED080A91ED020AB1EE400A80EDE0
:10E6D000090A91ED000A80ED0B0A91ED020A80ED26
:10E6E0000C0A91ED010A80ED0D0A91ED000AB1EEE0
:10E6F000400A80ED0E0A704721F0004201F000430D
:10E70000A2F16052B2F5801F28BFD2F17E6C51D9C0
:10E71000F1EE10CA1CF4400F14D15FEAC00C43EABA
:10E72000C20202EB507008BF70475FEA4C0CDFF882
:10E7300084C240F1000040F0818528BF20F0010034
:10E7400000F07CBDC30001F0004343EAC20202EBCB
:10E75000507008BF70471B4248BF4FEA4C0C1CF476
:10E76000000F08BF401CDFF84CC200F067BDC300BB
:10E7700001F0004343EAC20202EB507204BF1046AC
:10E7800070471B4248BF4FEA4C0C1CF4000FDFF8E7
:10E7900024C218BF104640F0518508BF521C12F425
:10E7A000000F08BF104600F0498521F0004201F03B
:10E7B000004330E050EA410C04BF084670475FEA6E
:10E7C000125CBCF1FE0F1ED1F1EE10CA1CF4400F1A
:10E7D000CDD15FEAC00C9BD05FEA001C4FEAC20CAF
:10E7E0004CEB507C04BFC2002CEAD27C1CF4000F1E
:10E7F00004BF4CEA0300DFF8BCC100F01F8521F024
:10E800000042A2F160524FEA410CB2F5801F2ADBB0
:10E810001CF5001F16D2F1EE10CA1CF4806F06D052
:10E820002CF0005C4CF0805CA1F140612AE04FF0DC
:10E830007F4043EA5000DFF880C100F0FFBC08468B
:10E8400000F0B5BE70B500F07BFB00BF000000B962
:10E8500088000004FFF7F3BF21F0704243EA5070D4
:10E8600040EAC2007047F1EE10CA2CF0805C4CF018
:10E87000005C1CF4006F25D04B00B3F5001F51D392
:10E8800001F140611CF4400F40F07E800CF0405CD0
:10E890004CF0880CC30011D05CF0404C10F0805F4D
:10E8A0000CD0034610F1005041F10001020108BFF5
:10E8B00020F00050834218BF2CF0004C00F0604064
:10E8C00000F071BF1CF4400F1AD01B4248BF4FEA42
:10E8D0004C0C1CF4000F13D112F1406248BF22F01F
:10E8E0007F424FEAC00CBCF1010F43EAC20242EB87
:10E8F00050704FF0880228BF42F0804200F05CBEAA
:10E9000012F1406248BF22F07F425FEAC00C43EA46
:10E91000C20242EA50704FF0880218BF42F04042F3
:10E9200000F04ABE01F0004321F00041094214D03A
:10E93000B1FA81FCACF10B0C01FA0CF1CCF1200224
:10E9400020FA02F241EA020100FA0CF04FEA0C52FE
:10E95000A1EB020181EA03010FE0B0FA80F200FAB4
:10E9600002F002F115024FEAD0214FEA40504FEA7F
:10E970000252A1EB020181EA0301F1EE10CA2CF070
:10E98000805C4CF0005C7BE762460CF0405C4CF035
:10E99000880CC30092D05CF0404C094248BF520042
:10E9A00012F4000F8AD110F1005041F100012CF057
:10E9B000004C83D188000040880000102DE9C04140
:10E9C00030B4DFF86CC33CEA111418BF3CEA1314EE
:10E9D00000F04F811CEA111481EA030544EAD57462
:10E9E00018BF1CEA131500F02181A4EB050404F103
:10E9F0007F7404F500344FF0004545EAC12145EA33
:10EA0000C32341EA505143EA52534FEAC0204FEA30
:10EA1000C222994208BF904200F0D4804FEA1365A9
:10EA20000FF20C26765D4FEA134506FB05F7C7F19A
:10EA3000807706FB07F74FEAD737A7FB03687642D4
:10EA4000A7FB06CEC8F5803838BFA8F1010807FB40
:10EA500008E6A6FB028C4FF0000EE6FB03CED8F1D1
:10EA600000086FEA0C0C5CF1000C6FEA0E0E4EF120
:10EA7000004EA6FB0C584FF00007E6FB0E87A1FBEB
:10EA800008C6A0FB07CE16EB0E064FF0000545F1B9
:10EA90000005E1FB076515F1E04E7EBFA4F580346B
:10EAA0005FEA46066D4116F1800745F100054FEA21
:10EAB000172747EA05674FEA1525F1EE10CA1CF43F
:10EAC000400F37D14FEA4666A6F15E46B6F1085FC1
:10EAD00030D9B4F1FE6F2DD8384605EBC47124F05F
:10EAE000010C01EB0C11BCF1FE6FDFF848C202D83B
:10EAF000F0BCBDE8004140F2A18324425CBF01F5B7
:10EB0000801E9EEAC47F02D4F0BCBDE8004140F103
:10EB10009583244200F17880A1F1C041DFF818C24A
:10EB200056EA080E18BF4CF0804CF0BCBDE800411E
:10EB300000F084BB4FEAD02040EA41504FEAD12197
:10EB40004FEAD22242EA43524FEAD323A7FB02867E
:10EB500007FB036605FB02661EEA0E0F58BFA6EB15
:10EB60000056B6EB00564FEA520E4EEAC37E18EB43
:10EB70000E0E56EB530E05D518EB02085E417F1CB6
:10EB800055F1000556EA080E24D01CF4400FA3D01E
:10EB900014F0010F18BF4FEA4C0C1CF4000F08D002
:10EBA000364299D4B8EB02089E417F1E75F10005EC
:10EBB00092E7364290D518EB02085E417F1C55F172
:10EBC000000589E74FF480154FF000074FF000066D
:10EBD0004FF00008384605EBC47124F0010C01EB3E
:10EBE0000C11BCF1FE6F02D8F0BCBDE800811CEA3C
:10EBF0000C0F5CBF01F5801E9EEAC47F02D4F0BCFE
:10EC0000BDE80081244287D501F1C04156EA080CD5
:10EC10001CBF06F0004C4CF0804C4CF0005C4CF0FB
:10EC2000140CF0BCBDE8004100F04BBA0CEA13151F
:10EC300050EA410E0BD052EA430E13D000F003FA13
:10EC4000641B240486EA460644EAD674CFE652EAF8
:10EC5000430E00F0268081EA030101F00041F0BC80
:10EC6000BDE80081F0BCBDE80041DFF8D0C000F095
:10EC7000E5BAF0BCBDE8004170B500F061F900BF35
:10EC8000097EFC3E1400000400F007B84FF00000BD
:10EC900081EA030101F00041704781EA030100F0BD
:10ECA0000ABAF0BCBDE800415FF828C000F0C6BA5F
:10ECB000FFFDFBF9F7F5F4F2F0EEEDEBE9E8E6E441
:10ECC000E3E1E0DEDDDBDAD8D7D5D4D3D1D0CFCDC8
:10ECD000CCCBCAC8C7C6C5C4C2C1C0BFBEBDBCBB01
:10ECE000BAB9B8B7B6B5B4B3B2B1B0AFAEADACABFC
:10ECF000AAA9A8A8A7A6A5A4A3A3A2A1A09F9F9ED6
:10ED00009D9C9C9B9A999998979796959594939387
:10ED1000929191908F8F8E8E8D8C8C8B8B8A89891E
:10ED200088888787868585848483838282818180A1
:10ED30000000FF0714000040140000101400000839
:10ED4000B1FA81F201FA02F1C2F11D0203EB0253A2
:10ED50004FEA415003EBD1217047B0FA80F310FA2B
:10ED600003F10AD0C3F11D0303F580634FEA035298
:10ED70004FEA415002EBD12170474FF0000070473D
:10ED800070B5DFF8B4C11CEA111E1EBF1CEA1315D2
:10ED90009EEA0C0F95EA0C0F00F0948081EA0304C0
:10EDA0004EEAD47EAE4421EA4C1123EA4C1341F4DE
:10EDB000801143F48013AEF17F7EA1FB024CA0FBD7
:10EDC0000365361955EB0C05A1FB034C4CF1000310
:10EDD000A0FB021C16EB0C06654153F1000309422F
:10EDE00018BF46F0010613F4007F0BD14FEA033140
:10EDF0004FEA053041EA155140EA165034036FF0EE
:10EE000003020AE04FEAC3214FEAC52041EA555107
:10EE100040EA5650F4026FF0020202EB2E4201EB80
:10EE2000025585EACE71264627D00546F1EE10CA76
:10EE30001CF4400C14D15FEA440C18BF24F00044C9
:10EE400050F1000041F1000120EAD47040F2FD7C55
:10EE5000624517D2DFF8E4C0BDE8704000F0EEB9BB
:10EE60005FEACE7454BF1CF4000F1CF4800F08BF7F
:10EE700010F1010041F10001E8E740F2FE7C62453B
:10EE800004D270BD08BF11F4801FE3D0A84214BFA4
:10EE90004FF080444FF04044002E08BF0024BEF1E4
:10EEA000806FD8BF01F1C041A8BFA1F1C04144F0BB
:10EEB000130CA8BF4CF0805CBDE8704040F30181AA
:10EEC00000F0BCB90CEA13159EEA0C0F18BF95EAC6
:10EED0000C0F19D091EA030F48BF4EF0010E50EA13
:10EEE000410418BF52EA430409D000F0ACF8641999
:10EEF0004FEA044E86EA46064EEAD67E5BE74FF0BE
:10EF000000004FEACE7170BD00F01AF88900013E92
:10EF10001300000400F005B800F007B852EA430CF3
:10EF200006D081EA030100F0C6B850EA410CF8D1DE
:10EF30005FF824C000F082B90000FF071300004012
:10EF40000EF1020E2EF0030E5EF8046B012841EB69
:10EF5000010414F5001418BFB4F5801F23D3364202
:10EF600008D4012A43EB030515F5001518BFB5F5C4
:10EF7000801F18D301EB010C1CF5801F16D23642FE
:10EF800004D403EB030C1CF5801F0FD2002C10D10E
:10EF90004FEAD17C0CEB4C0C0CF1020C002D08BF9D
:10EFA0004CEBD37C07E04FF0090C04E04FF0080C69
:10EFB00001E04FEAD37C0CEB4C050EF1040E26FA6F
:10EFC00005F606F00706B6F1040C06D20EEB860C29
:10EFD000BDE870404CF0010C6047DFE80CF02224E3
:10EFE00013025EF804CC1B2D08D1002C88BFB4F5A9
:10EFF000801F34BF4CF4804C4CF4004CBDE8704092
:10F0000000F01CB9002C88BFB4F5001F24BF1946BE
:10F01000104670BD4FF00041A1F500214FF00000F7
:10F0200070BD19461046012851EB010418BFD4F5F4
:10F03000001484BF5EF804CC2CF0806CBDE87040F6
:10F0400000F2DC80704780B54FF003065C004FEAA9
:10F050003606640D4FEA03334FEA133318BF43F407
:10F0600080131CD104F1010453EA125E02BF13465F
:10F070000022203C1B4202BF130B1205143CB3FAC2
:10F0800083FEAEF10B0E03FA0EF3A4EB0E04CEF1E9
:10F09000200C22FA0CFC43EA0C0302FA0EF20FB425
:10F0A0000CBC03BC16F0010F18BF2546CED180BDA5
:10F0B00080B50126F3E70808A0F500114FEA3101F9
:10F0C0007047F1EE103A13F0807F1EBF01F000414F
:10F0D0000020704713F4006F40F0AA80094248BF37
:10F0E0004CF4803C4FF4C0634FEA115203F101032A
:10F0F00021EA025122F400629A1A48BF6FF0FE0220
:10F1000041F48011352A3CD830D0152A1ED3203A3C
:10F110000CD9C2F12003002821FA02F001FA03F20F
:10F1200018BF42F001024FF0000130E0C2F10003CD
:10F1300002F1200201FA03F120FA02F241EA02018F
:10F1400000FA03F208464FF0000120E010B4C2F1CB
:10F15000200300FA03F401FA03F320FA02F043EA71
:10F16000000021FA02F1224610BC10E050EA013200
:10F170004FF000004FF000014FF0004218BF521C4A
:10F1800005E04FF001024FF000014FF000001CF4C9
:10F19000803F2CF4803C18BF41F0004112421ED049
:10F1A000F1EE103A13F4400F20D1520003D30CD0EB
:10F1B000401C41F10001F1EE103A43F00803E1EE8A
:10F1C000103A4CF0804C00F039B85FEAAC72EFD4E2
:10F1D000F1D1401C41F1000120F00100EBE71CF0EF
:10F1E000804F08BF70472CF0004CE4E7094254BF41
:10F1F00013F4000F13F4800FDDD1D9E7F1EE103ACC
:10F2000013F0807F1EBF01F000410020704713F40F
:10F21000006F08BF70472DE9F050FFF749FF04F574
:10F22000C064A4F10104314301EB0451BDE8F05086
:10F230004CF0005C4CF0800C00F0B5BA1CF0700F84
:10F2400008BF0A460FB4F1EE101A0CF0405030EA35
:10F25000814318BF4CF0804C4FEA4C034FEAD36314
:10F2600023EA112310EA814F18BF23F0100341EA6B
:10F27000030101F0E0734CEA030CE1EE101A0CF00C
:10F280000F030A2B1DBF082B0CF070034CEAC30CB4
:10F290004FF4003304BF33EA0C034CF4400C1CF071
:10F2A000005F14D11CF0805F0BD11CF0804F31D176
:10F2B0001CF0006F12D111F4807F0FBC62D000F0FF
:10F2C00072BA11F4806F0FBC2BD000F06CBA11F43D
:10F2D000006F0FBC08BF704700F065BA11F4007FE3
:10F2E0000FBC40F060821CF0400F1EBF4FF000408A
:10F2F00040F0010070471CF0100F14BF81EA0302B8
:10F3000042400CF00F000A2808BF4FF0FF324FF0C8
:10F31000000326E011F4805F0FBC08BF704700F0C7
:10F3200042BA2CF0805CF1EE103A1CF0800F14BF52
:10F3300001F0004200F0004212420CBF12EA336FAB
:10F3400012EAF35F0DD31CF0100F1DBF30A003C8ED
:10F350001143314808BF104313F4805F40F023820B
:10F36000704702F000421CF0100F1DBF0FF2940016
:10F3700003C81143254808BF104313F4805F40F0D1
:10F38000128270471CF0400F40F028801CF4404F60
:10F390001BD01CF4004F1CBF194610460CF48072A1
:10F3A00018BF8CEA520C1CF0800F0CBF40F4800098
:10F3B00041F400218CEADC0313F0100F1CBF2CF089
:10F3C0000F0C4CF0080C00F095B91CF0100F1ABF90
:10F3D00012A393E80300134800F08CB91CF0800FCF
:10F3E00014BF01F0004200F000421CF0100F1BBFE0
:10F3F0000AA393E803000B48114308BF104300F031
:10F4000079B900BF000000000000F07F0000807F9D
:10F41000FFFFFFFFFFFFEF7FFFFF7F7F0000000088
:10F420000000F87F0000C07F43004FEAD30C4FEA92
:10F430003C0C43401FBF40070CF1605113F0FE4FDE
:10F4400070471CF0006F14D133F0004004BF194620
:10F45000704783EA830383EA430303F0070343EA25
:10F46000CC010CF0004303F15A5303F54013FFF7AE
:10F4700067BC0CF0004343EA507040EACC0010B582
:10F4800000F00FF8000000BA180000044FEA000175
:10F49000FFF711BE4FEAE0024FEA407042F0E04150
:10F4A00070470EF1020E2EF0030E5EF8044B4FEA89
:10F4B000400212F1807218BFB2F5000F22D324422D
:10F4C00007D44FEA410313F1807318BFB3F5000F5F
:10F4D00018D34FEA400C1CF5000F16D2244204D476
:10F4E0004FEA410C1CF5000F0FD2002A10D14FEA51
:10F4F000D07C0CEB4C0C0CF1020C002B08BF4CEB3D
:10F50000D17C07E04FF0090C04E04FF0080C01E05B
:10F510004FEAD17C0CEB4C030EF1040E24FA03F4F9
:10F5200004F00704B4F1040C06D20EEB840CBDE821
:10F5300010404CF0010C6047DFE80CF01F20130274
:10F540005EF804CC1B2B08D1002A88BFB2F5000F4F
:10F5500034BF4CF4804C4CF4004CBDE81040FFF735
:10F560006DBE002A88BFB2F1807F28BF084610BD5B
:10F570004FF00040A0F5800010BD0846420018BFC3
:10F58000D2F1807284BF5EF8042C22F08062BDE864
:10F59000104000F290807047F1EE100A4FF6FF71B4
:10F5A000C0F2C03120EA0100E1EE100A7047FF21ED
:10F5B00041EAD050C0057047F1EE101A11F0807F7B
:10F5C0001CBF00F00040704711F4006F40F08E80C7
:10F5D00000F0004343EAD05323F48073C3F1C10326
:10F5E00023F00041172941D8C3F1200310FA03F199
:10F5F000C3F1200320F07F4040F4000020FA03F024
:10F6000003F0004340EA030019D00B46F1EE101A54
:10F6100041F00801E1EE101A11F4400F1CD159001D
:10F6200009D318BF401C06D17FEAE27398BF401C83
:10F6300038BF20F0010042F0804CFFF7FFBD12F010
:10F64000804F08BF7047F1EE101A41F00801E1EE5B
:10F65000101A9446FFF7F2BD10F0004F14BF5FEA96
:10F66000F1535FEA316338BF401CE4E703EB9123B9
:10F67000182918BF6FF000410131F1EE101A41F066
:10F680000801E1EE101A11F4400F18BF03F000401A
:10F69000E2D168BF03F0004009D6400203F0004009
:10F6A00000F1010004BF12F0004F20F001004FF004
:10F6B000804CFFF7C3BDF1EE101A11F0807F1CBF24
:10F6C00000F00040704711F4006F08BF704700F071
:10F6D000004141F0C04120F00040B0FA80F3A3F1B6
:10F6E000080300FA03F0A1EBC351084442F0005CA8
:10F6F00000F059B80CF00F03092B08BF082000F0E8
:10F7000064800A2B32D0082B18BF704708BF1CF04A
:10F71000400F31D01CF4803F23D11CF0200F11D1B9
:10F720001CF0100F0BBF02460A466FF000406FF04E
:10F73000004118BF4FF0FF3012F0004F1CBFC04314
:10F74000C94370471CF0100F0CBF02460A4612F066
:10F75000004F4FF0FF304FF0FF311CBFC043C94393
:10F7600070474FF000004FF0000170471CF0400F51
:10F7700018BF4FF0004070471CF0100F08D000F089
:10F780007F4220F0704342EAD3014FEA4370704752
:10F7900000F0604021F07F4242EA000201F07F4029
:10F7A00040EA727070472DE900502DE90050F0F7E3
:10F7B000E7FEBDE80050BDE800500CF00F0393F0E9
:10F7C000090F18BF7047AFF300801CF4801F24D0CE
:10F7D0001CF4E02F09D010F0080F02D1D0F1020084
:10F7E00070476FEACC31490070474FF0604111EA31
:10F7F000407028BF40F04050F1EE103A23F07043C3
:10F8000043EA0003E1EE103AEFF3008222F0704287
:10F8100042EA000282F3008870471CEA004018BFE9
:10F8200001207047CDCC4C3ECDCC4C3ECDCC4C3E97
:10F8300000000000920E493CB10AC93C2BC3163DA2
:10F840002EFB483D752B7B3D04A9963D80B6AF3D10
:10F8500036BDC83D2FBCE13D73B2FA3D87CF093EAE
:10F860008340163EB5AB223EA2102F3ECF6E3B3EEC
:10F87000C2C5473E0115543E135C603E7F9A6C3E04
:10F88000CCCF783EC07D823E938E883E229A8E3EBB
:10F8900032A0943E86A09A3EE59AA03E128FA63EE4
:10F8A000D47CAC3EEF63B23E2A44B83E491DBE3E16
:10F8B00015EFC33E53B9C93ECA7BCF3E4136D53E54
:10F8C00080E8DA3E4F92E03E7533E63EBBCBEB3E3E
:10F8D000EA5AF13ECBE0F63E275DFC3EE4E7003F0E
:10F8E0003D9C033F824B063F9BF5083F6B9A0B3FC5
:10F8F000DA390E3FCDD3103F2A68133FD9F6153FB2
:10F90000C07F183FC6021B3FD17F1D3FCBF61F3F74
:10F910009967223F25D2243F5636273F1594293F29
:10F920004AEB2B3FDE3B2E3FBB85303FC9C8323F01
:10F93000F304353F233A373F4268393F3B8F3B3F23
:10F94000F9AE3D3F67C73F3F70D8413F01E2433FBB
:10F9500003E4453F65DE473F12D1493FF8BB4B3FCB
:10F96000029F4D3F207A4F3F3D4D513F4918533F35
:10F9700031DB543FE595563F5348583F6AF2593FB3
:10F980001A945B3F532D5D3F05BE5E3F2146603FAD
:10F9900097C5613F5A3C633F59AA643F880F663F51
:10F9A000D86B673F3CBF683FA7096A3F0C4B6B3F72
:10F9B0005E836C3F93B26D3F9ED86E3F73F56F3F91
:10F9C0000809713F5213723F4714733FDD0B743FB8
:10F9D0000BFA743FC6DE753F07BA763FC58B773F9B
:10F9E000F853783F9812793F9DC7793F02737A3F69
:10F9F000BE147B3FCDAC7B3F283B7C3FC9BF7C3FE7
:10FA0000AC3A7D3FCCAB7D3F23137E3FB0707E3F51
:10FA10006DC47E3F580E7F3F6D4E7F3FAB847F3F6E
:10FA20000FB17F3F97D37F3F43EC7F3F11FB7F3F79
:10FA30000000803F11FB7F3F43EC7F3F97D37F3F28
:10FA40000FB17F3FAB847F3F6D4E7F3F580E7F3FAE
:10FA50006DC47E3FB0707E3F23137E3FCCAB7D3FB5
:10FA6000AC3A7D3FC9BF7C3F283B7C3FCDAC7B3F60
:10FA7000BE147B3F02737A3F9DC7793F9812793F4E
:10FA8000F853783FC58B773F07BA763FC6DE753FA0
:10FA90000BFA743FDD0B743F4714733F5213723FF0
:10FAA0000809713F73F56F3F9ED86E3F93B26D3F6B
:10FAB0005E836C3F0C4B6B3FA7096A3F3CBF683FBE
:10FAC000D86B673F880F663F59AA643F5A3C633F33
:10FAD00097C5613F2146603F05BE5E3F532D5D3FA8
:10FAE0001A945B3F6AF2593F5348583FE595563F99
:10FAF00031DB543F4918533F3D4D513F207A4F3F32
:10FB0000029F4D3FF8BB4B3F12D1493F65DE473F57
:10FB100003E4453F01E2433F70D8413F67C73F3FA1
:10FB2000F9AE3D3F3B8F3B3F4268393F233A373F79
:10FB3000F304353FC9C8323FBB85303FDE3B2E3F23
:10FB40004AEB2B3F1594293F5636273F25D2243FB9
:10FB50009967223FCBF61F3FD17F1D3FC6021B3F57
:10FB6000C07F183FD9F6153F2A68133FCDD3103F09
:10FB7000DA390E3F6B9A0B3F9BF5083F824B063FED
:10FB80003D9C033FE4E7003F275DFC3ECBE0F63EB3
:10FB9000EA5AF13EBBCBEB3E7533E63E4F92E03E78
:10FBA00080E8DA3E4136D53ECA7BCF3E53B9C93EE6
:10FBB00015EFC33E491DBE3E2A44B83EEF63B23E38
:10FBC000D47CAC3E128FA63EE59AA03E86A09A3E1B
:10FBD00032A0943E229A8E3E938E883EC07D823E15
:10FBE000CCCF783E7F9A6C3E135C603E0115543E4C
:10FBF000C2C5473ECF6E3B3EA2102F3EB5AB223E64
:10FC00008340163E87CF093E73B2FA3D2FBCE13DDB
:10FC100036BDC83D80B6AF3D04A9963D752B7B3DF2
:10FC20002EFB483D2BC3163DB10AC93C920E493C00
:10FC300000000000920E49BCB10AC9BC2BC316BD1E
:10FC40002EFB48BD752B7BBD04A996BD80B6AFBD0C
:10FC500036BDC8BD2FBCE1BD73B2FABD87CF09BEAA
:10FC6000834016BEB5AB22BEA2102FBECF6E3BBEE8
:10FC7000C2C547BE011554BE135C60BE7F9A6CBE00
:10FC8000CCCF78BEC07D82BE938E88BE229A8EBEB7
:10FC900032A094BE86A09ABEE59AA0BE128FA6BEE0
:10FCA000D47CACBEEF63B2BE2A44B8BE491DBEBE12
:10FCB00015EFC3BE53B9C9BECA7BCFBE4136D5BE50
:10FCC00080E8DABE4F92E0BE7533E6BEBBCBEBBE3A
:10FCD000EA5AF1BECBE0F6BE275DFCBEE4E700BF0A
:10FCE0003D9C03BF824B06BF9BF508BF6B9A0BBFC1
:10FCF000DA390EBFCDD310BF2A6813BFD9F615BFAE
:10FD0000C07F18BFC6021BBFD17F1DBFCBF61FBF70
:10FD1000996722BF25D224BF563627BF159429BF25
:10FD20004AEB2BBFDE3B2EBFBB8530BFC9C832BFFD
:10FD3000F30435BF233A37BF426839BF3B8F3BBF1F
:10FD4000F9AE3DBF67C73FBF70D841BF01E243BFB7
:10FD500003E445BF65DE47BF12D149BFF8BB4BBFC7
:10FD6000029F4DBF207A4FBF3D4D51BF491853BF31
:10FD700031DB54BFE59556BF534858BF6AF259BFAF
:10FD80001A945BBF532D5DBF05BE5EBF214660BFA9
:10FD900097C561BF5A3C63BF59AA64BF880F66BF4D
:10FDA000D86B67BF3CBF68BFA7096ABF0C4B6BBF6E
:10FDB0005E836CBF93B26DBF9ED86EBF73F56FBF8D
:10FDC000080971BF521372BF471473BFDD0B74BFB4
:10FDD0000BFA74BFC6DE75BF07BA76BFC58B77BF97
:10FDE000F85378BF981279BF9DC779BF02737ABF65
:10FDF000BE147BBFCDAC7BBF283B7CBFC9BF7CBFE3
:10FE0000AC3A7DBFCCAB7DBF23137EBFB0707EBF4D
:10FE10006DC47EBF580E7FBF6D4E7FBFAB847FBF6A
:10FE20000FB17FBF97D37FBF43EC7FBF11FB7FBF75
:10FE3000000080BF11FB7FBF43EC7FBF97D37FBF24
:10FE40000FB17FBFAB847FBF6D4E7FBF580E7FBFAA
:10FE50006DC47EBFB0707EBF23137EBFCCAB7DBFB1
:10FE6000AC3A7DBFC9BF7CBF283B7CBFCDAC7BBF5C
:10FE7000BE147BBF02737ABF9DC779BF981279BF4A
:10FE8000F85378BFC58B77BF07BA76BFC6DE75BF9C
:10FE90000BFA74BFDD0B74BF471473BF521372BFEC
:10FEA000080971BF73F56FBF9ED86EBF93B26DBF67
:10FEB0005E836CBF0C4B6BBFA7096ABF3CBF68BFBA
:10FEC000D86B67BF880F66BF59AA64BF5A3C63BF2F
:10FED00097C561BF214660BF05BE5EBF532D5DBFA4
:10FEE0001A945BBF6AF259BF534858BFE59556BF95
:10FEF00031DB54BF491853BF3D4D51BF207A4FBF2E
:10FF0000029F4DBFF8BB4BBF12D149BF65DE47BF53
:10FF100003E445BF01E243BF70D841BF67C73FBF9D
:10FF2000F9AE3DBF3B8F3BBF426839BF233A37BF75
:10FF3000F30435BFC9C832BFBB8530BFDE3B2EBF1F
:10FF40004AEB2BBF159429BF563627BF25D224BFB5
:10FF5000996722BFCBF61FBFD17F1DBFC6021BBF53
:10FF6000C07F18BFD9F615BF2A6813BFCDD310BF05
:10FF7000DA390EBF6B9A0BBF9BF508BF824B06BFE9
:10FF80003D9C03BFE4E700BF275DFCBECBE0F6BEAF
:10FF9000EA5AF1BEBBCBEBBE7533E6BE4F92E0BE74
:10FFA00080E8DABE4136D5BECA7BCFBE53B9C9BEE2
:10FFB00015EFC3BE491DBEBE2A44B8BEEF63B2BE34
:10FFC000D47CACBE128FA6BEE59AA0BE86A09ABE17
:10FFD00032A094BE229A8EBE938E88BEC07D82BE11
:10FFE000CCCF78BE7F9A6CBE135C60BE011554BE48
:10FFF000C2C547BECF6E3BBEA2102FBEB5AB22BE60
:020000040801F1
:10000000834016BE87CF09BE73B2FABD2FBCE1BDD7
:1000100036BDC8BD80B6AFBD04A996BD752B7BBDEE
:100020002EFB48BD2BC316BDB10AC9BC920E49BCFC
:1000300000000080000000006E83F9A22915444EE4
:10004000D15727FCC0DD34F5999562DB4190433CE4
:10005000AB6351FE00000000000000000102030439
:1000600006070809000000000102030440AC037DFC
:1000700004014103057C00026D0D026D09020006BA
:1000800010160006101600000000C844CDCC4C3EEF
:10009000000000000B080141090242C0030A0B04E2
:1000A000494E535F5441534B0064656661756C74EF
:1000B0005461736B005553425F7461736B007472CB
:1000C000795F747279007D04017C000240AB0341CA
:1000D00000055308065804070F0008108209110094
:1000E0000A15800B16000C18010D00001001010804
:1000F00000000020F0010000EC01000820020108CF
:10010000F0010020606A00004C02000800000000BE
:10011000812DCDCC1C410432013210180EE7416B09
:100120003A58A08B3AA2FFFFFF820429015A920895
:1001300052FFE3803F0912100920244B90E8024847
:10014000159A9959419A99193E9A99993FC3F598E8
:1001500040CDCCCC3D305AD00CDAC03C3940D57FB4
:10016000FF1414320D13C5811B08FD04130D821BEF
:100170000829041A59041AA1101AD504111324F4D9
:1001800013657E1408BD7C1C08B57F1031131D7DDE
:100190001B0809101A8104C11AB9181A65041A112A
:1001A000302A552413024313020125C03209041BCF
:1001B00001020B1305241610010524011009010486
:1001C00024020205240617010705820308151009F9
:1001D000040133020A2E0705010240072A81071194
:1001E000130A0632023340011A12231302021E4080
:1001F00014011405591B020315136D0B1B08690428
:100200001A65041A99041AB504071C040309041A90
:10021000030B1E803F101AAA0141000000000000DD
:040000050800018965
:00000001FF
